Scan Date,Ticker,Company,Sector,Overall Quant Score,Investment Score,Opportunity Score,Position Trade Score,Health Score,Expected Return Score,Price,Fair Value,Upside %,Tier,Labels,Conviction Score,Evidence Score,Research Priority
2026-06-05,MSFT,Microsoft Corporation,Technology,53.7,63.7,51.4,35.0,62.5,53.8,416.67,406.74,-2.4,Tier 4 — Low Priority / Avoid,General Watchlist,,,
2026-06-05,AAPL,Apple Inc.,Technology,61.7,67.1,44.3,73.3,65.5,60.0,307.34,212.65,-30.8,Tier 3 — Watchlist Only,General Watchlist,,,
2026-06-05,NVDA,NVIDIA Corporation,Technology,67.2,74.4,64.8,56.5,72.3,65.3,205.1,261.1,27.3,Tier 3 — Watchlist Only,General Watchlist,,,
2026-06-05,META,"Meta Platforms, Inc.",Communication Services,61.2,71.5,65.2,34.0,69.8,61.0,593.0,728.11,22.8,Tier 3 — Watchlist Only,General Watchlist,,,
2026-06-05,GOOGL,Alphabet Inc.,Communication Services,62.7,68.7,48.3,70.3,65.3,61.3,368.53,304.45,-17.4,Tier 3 — Watchlist Only,General Watchlist,,,
2026-06-05,AMZN,"Amazon.com, Inc.",Consumer Cyclical,42.2,44.9,35.1,49.2,39.1,42.1,246.03,156.82,-36.3,Tier 4 — Low Priority / Avoid,General Watchlist,,,
2026-06-05,COST,Costco Wholesale Corporation,Consumer Defensive,35.4,40.8,22.2,46.0,31.9,36.1,971.87,480.38,-50.6,Tier 4 — Low Priority / Avoid,General Watchlist,,,
2026-06-05,AVGO,Broadcom Inc.,Technology,65.0,74.2,56.5,57.7,72.4,62.6,385.73,403.78,4.7,Tier 3 — Watchlist Only,General Watchlist,,,
2026-06-05,V,Visa Inc.,Financial Services,65.3,75.1,61.8,47.8,74.7,65.4,323.57,342.96,6.0,Tier 3 — Watchlist Only,General Watchlist,,,
2026-06-05,MA,Mastercard Incorporated,Financial Services,58.7,67.8,58.9,37.4,68.7,58.8,491.08,525.31,7.0,Tier 4 — Low Priority / Avoid,General Watchlist,,,
2026-06-05,LLY,Eli Lilly and Company,Healthcare,59.3,63.9,44.2,72.2,59.2,57.8,1131.42,949.41,-16.1,Tier 4 — Low Priority / Avoid,General Watchlist,,,
2026-06-05,UNH,UnitedHealth Group Incorporated,Healthcare,39.6,30.6,35.2,65.5,29.8,40.2,399.47,298.16,-25.4,Tier 4 — Low Priority / Avoid,General Watchlist,,,
2026-06-05,HD,"Home Depot, Inc. (The)",Consumer Cyclical,29.3,29.2,32.4,24.5,29.5,30.9,310.78,229.39,-26.2,Tier 4 — Low Priority / Avoid,General Watchlist,,,
2026-06-05,PG,Procter & Gamble Company (The),Consumer Defensive,48.8,52.8,44.4,44.1,53.7,50.0,146.54,115.56,-21.1,Tier 4 — Low Priority / Avoid,General Watchlist,,,
2026-06-05,ADBE,Adobe Inc.,Technology,70.0,75.4,84.1,35.6,81.8,69.9,251.44,497.59,97.9,Tier 3 — Watchlist Only,"Undervalued Opportunity, Recovery Candidate, Healthy Business",,,
2026-06-05,CRM,"Salesforce, Inc.",Technology,59.4,64.7,74.9,27.5,65.2,59.8,185.66,267.17,43.9,Tier 4 — Low Priority / Avoid,Recovery Candidate,,,
2026-06-05,NFLX,"Netflix, Inc.",Communication Services,65.9,77.3,70.4,33.0,79.7,65.0,82.18,95.42,16.1,Tier 3 — Watchlist Only,General Watchlist,,,
2026-06-05,NOW,"ServiceNow, Inc.",Technology,49.4,57.4,48.5,32.6,57.7,49.1,112.45,103.33,-8.1,Tier 4 — Low Priority / Avoid,General Watchlist,,,
2026-06-05,AMD,"Advanced Micro Devices, Inc.",Technology,55.9,59.3,40.8,72.1,54.7,52.7,466.38,292.97,-37.2,Tier 4 — Low Priority / Avoid,General Watchlist,,,
2026-06-05,QCOM,QUALCOMM Incorporated,Technology,64.6,64.9,59.1,69.7,67.4,62.9,215.94,215.36,-0.3,Tier 3 — Watchlist Only,General Watchlist,,,
2026-06-05,PYPL,"PayPal Holdings, Inc.",Financial Services,54.3,53.5,73.5,27.2,59.1,55.6,41.29,71.06,72.1,Tier 4 — Low Priority / Avoid,Recovery Candidate,,,
2026-06-05,DIS,Walt Disney Company (The),Communication Services,29.8,28.9,32.0,29.0,28.0,31.6,99.71,71.49,-28.3,Tier 4 — Low Priority / Avoid,General Watchlist,,,
2026-06-05,NKE,"Nike, Inc.",Consumer Cyclical,27.8,28.7,28.9,22.0,31.7,28.7,42.98,30.73,-28.5,Tier 4 — Low Priority / Avoid,General Watchlist,,,
2026-06-05,SBUX,Starbucks Corporation,Consumer Cyclical,28.4,26.4,23.0,45.3,18.4,29.5,95.29,74.7,-21.6,Tier 4 — Low Priority / Avoid,General Watchlist,,,
2026-06-05,INTC,Intel Corporation,Technology,34.9,29.4,26.4,61.0,25.9,33.8,99.17,58.72,-40.8,Tier 4 — Low Priority / Avoid,General Watchlist,,,
2026-06-05,TGT,Target Corporation,Consumer Defensive,37.4,28.1,37.6,58.8,26.3,38.5,122.57,92.95,-24.2,Tier 4 — Low Priority / Avoid,General Watchlist,,,
2026-06-05,CVS,CVS Health Corporation,Healthcare,42.4,29.3,43.7,75.2,21.4,44.2,95.93,168.55,75.7,Tier 4 — Low Priority / Avoid,Position Trade Candidate,,,
2026-06-05,WBD,"Warner Bros. Discovery, Inc. - ",Communication Services,43.5,39.5,46.7,49.5,38.3,43.6,26.24,22.64,-13.7,Tier 4 — Low Priority / Avoid,General Watchlist,,,
2026-06-05,BA,Boeing Company (The),Industrials,28.8,29.7,21.3,38.5,26.8,28.9,215.45,91.72,-57.4,Tier 4 — Low Priority / Avoid,General Watchlist,,,
2026-06-05,PFE,"Pfizer, Inc.",Healthcare,56.1,56.6,59.6,47.8,59.4,57.5,26.04,28.05,7.7,Tier 4 — Low Priority / Avoid,General Watchlist,,,
2026-06-05,F,Ford Motor Company,Consumer Cyclical,28.8,20.2,23.3,60.9,12.3,28.6,14.9,12.75,-14.4,Tier 4 — Low Priority / Avoid,General Watchlist,,,
2026-06-05,GM,General Motors Company,Consumer Cyclical,43.9,31.3,57.3,54.4,31.7,45.8,82.11,146.5,78.4,Tier 4 — Low Priority / Avoid,General Watchlist,,,
2026-06-05,SHOP,Shopify Inc.,Technology,38.0,48.9,31.3,24.7,46.4,36.3,109.54,65.92,-39.8,Tier 4 — Low Priority / Avoid,General Watchlist,,,
2026-06-05,SQ,SQ,Unknown,48.9,50.1,49.8,45.0,50.0,49.4,,,,Tier 4 — Low Priority / Avoid,General Watchlist,,,
2026-06-05,ROKU,"Roku, Inc.",Communication Services,50.0,49.9,40.3,65.6,46.9,48.2,122.26,100.09,-18.1,Tier 4 — Low Priority / Avoid,General Watchlist,,,
2026-06-05,ZM,"Zoom Communications, Inc.",Technology,74.2,80.7,70.7,62.4,83.3,73.5,101.62,108.37,6.6,Tier 3 — Watchlist Only,"Long-Term Compounder, Healthy Business",,,
2026-06-05,PARA,PARA,Unknown,48.9,50.1,49.8,45.0,50.0,49.4,,,,Tier 4 — Low Priority / Avoid,General Watchlist,,,
2026-06-05,BABA,Alibaba Group Holding Limited,Consumer Cyclical,37.0,34.7,47.3,31.7,30.1,39.5,121.06,182.46,50.7,Tier 4 — Low Priority / Avoid,General Watchlist,,,
2026-07-02,MSFT,Microsoft Corporation,Technology,54.6,63.7,54.1,35.6,62.7,54.9,390.49,407.66,4.4,Tier 4 — Low Priority / Avoid,General Watchlist,53.7,50.0,54.0
2026-07-02,AAPL,Apple Inc.,Technology,61.0,67.0,44.8,69.5,65.5,59.4,308.63,217.95,-29.4,Tier 3 — Watchlist Only,General Watchlist,54.1,50.0,53.8
2026-07-02,NVDA,NVIDIA Corporation,Technology,66.3,74.0,67.1,50.1,72.5,64.7,194.83,264.91,36.0,Tier 3 — Watchlist Only,General Watchlist,59.2,40.0,57.9
2026-07-02,META,"Meta Platforms, Inc.",Communication Services,61.3,71.5,65.4,34.4,69.8,61.1,582.9,717.3,23.1,Tier 3 — Watchlist Only,General Watchlist,60.3,37.5,56.6
2026-07-02,GOOGL,Alphabet Inc.,Communication Services,61.3,68.7,48.8,63.5,65.4,60.1,359.91,302.34,-16.0,Tier 3 — Watchlist Only,General Watchlist,52.0,52.5,54.5
2026-07-02,AMZN,"Amazon.com, Inc.",Consumer Cyclical,40.3,44.7,35.1,40.9,39.1,40.4,242.67,155.77,-35.8,Tier 4 — Low Priority / Avoid,General Watchlist,29.5,2.5,26.7
2026-07-02,COST,Costco Wholesale Corporation,Consumer Defensive,35.0,40.7,22.3,44.2,31.9,35.8,951.67,479.24,-49.6,Tier 4 — Low Priority / Avoid,General Watchlist,22.2,27.5,27.4
2026-07-02,AVGO,Broadcom Inc.,Technology,67.2,74.3,65.0,55.6,73.1,65.3,360.45,574.25,59.3,Tier 3 — Watchlist Only,General Watchlist,58.2,40.0,57.3
2026-07-02,V,Visa Inc.,Financial Services,66.7,74.7,57.4,61.2,73.9,66.3,362.13,353.05,-2.5,Tier 3 — Watchlist Only,General Watchlist,64.0,62.5,64.0
2026-07-02,MA,Mastercard Incorporated,Financial Services,60.2,67.5,55.2,49.7,68.0,59.8,539.39,539.3,-0.0,Tier 3 — Watchlist Only,General Watchlist,48.7,40.0,51.0
2026-07-02,LLY,Eli Lilly and Company,Healthcare,59.3,63.7,42.8,74.2,59.0,57.7,1213.91,976.55,-19.6,Tier 4 — Low Priority / Avoid,General Watchlist,47.7,52.5,51.3
2026-07-02,UNH,UnitedHealth Group Incorporated,Healthcare,39.2,30.1,33.2,67.8,29.1,39.8,425.36,299.05,-29.7,Tier 4 — Low Priority / Avoid,General Watchlist,36.6,15.0,30.5
2026-07-02,HD,"Home Depot, Inc. (The)",Consumer Cyclical,31.4,28.6,29.3,39.9,28.4,32.6,357.9,236.57,-33.9,Tier 4 — Low Priority / Avoid,General Watchlist,12.2,0.0,16.4
2026-07-02,PG,Procter & Gamble Company (The),Consumer Defensive,49.4,52.7,43.7,48.0,53.4,50.4,151.41,115.88,-23.5,Tier 4 — Low Priority / Avoid,General Watchlist,46.0,12.5,38.6
2026-07-02,ADBE,Adobe Inc.,Technology,69.3,73.9,85.1,34.2,80.4,69.3,219.72,510.18,132.2,Tier 3 — Watchlist Only,"Undervalued Opportunity, Recovery Candidate, Healthy Business",74.0,50.0,69.0
2026-07-02,CRM,"Salesforce, Inc.",Technology,61.6,65.0,76.7,34.4,65.6,61.9,166.11,268.51,61.6,Tier 3 — Watchlist Only,"Undervalued Opportunity, Recovery Candidate",56.9,40.0,57.2
2026-07-02,NFLX,"Netflix, Inc.",Communication Services,67.0,77.7,74.1,32.4,80.3,66.3,77.65,95.53,23.0,Tier 3 — Watchlist Only,Healthy Business,70.4,37.5,62.8
2026-07-02,NOW,"ServiceNow, Inc.",Technology,50.9,57.8,52.0,33.7,58.1,50.7,106.32,107.02,0.7,Tier 4 — Low Priority / Avoid,General Watchlist,58.2,37.5,50.9
2026-07-02,AMD,"Advanced Micro Devices, Inc.",Technology,54.9,59.2,40.1,68.7,54.6,51.7,517.82,320.28,-38.1,Tier 4 — Low Priority / Avoid,General Watchlist,44.8,40.0,45.4
2026-07-02,QCOM,QUALCOMM Incorporated,Technology,63.6,65.8,72.6,45.1,69.4,63.3,176.25,240.58,36.5,Tier 3 — Watchlist Only,Recovery Candidate,66.5,50.0,62.7
2026-07-02,PYPL,"PayPal Holdings, Inc.",Financial Services,53.2,52.8,72.9,24.6,58.3,54.6,45.47,74.27,63.3,Tier 4 — Low Priority / Avoid,Recovery Candidate,55.9,25.0,50.2
2026-07-02,DIS,Walt Disney Company (The),Communication Services,30.3,28.7,32.4,30.8,28.0,32.0,99.5,72.07,-27.6,Tier 4 — Low Priority / Avoid,General Watchlist,22.1,0.0,20.3
2026-07-02,NKE,"Nike, Inc.",Consumer Cyclical,44.3,49.2,49.8,25.8,49.5,44.8,44.09,43.81,-0.6,Tier 4 — Low Priority / Avoid,General Watchlist,46.0,12.5,38.3
2026-07-02,SBUX,Starbucks Corporation,Consumer Cyclical,30.2,26.4,21.8,55.2,18.3,31.0,104.27,76.51,-26.6,Tier 4 — Low Priority / Avoid,General Watchlist,3.8,0.0,11.9
2026-07-02,INTC,Intel Corporation,Technology,35.5,29.4,26.4,63.6,25.9,34.3,120.35,68.08,-43.4,Tier 4 — Low Priority / Avoid,General Watchlist,17.1,17.5,22.4
2026-07-02,TGT,Target Corporation,Consumer Defensive,36.0,27.4,36.1,56.0,25.7,37.2,130.21,95.18,-26.9,Tier 4 — Low Priority / Avoid,General Watchlist,26.1,15.0,26.6
2026-07-02,CVS,CVS Health Corporation,Healthcare,41.6,28.6,41.9,75.8,20.5,43.4,104.72,162.33,55.0,Tier 4 — Low Priority / Avoid,Position Trade Candidate,19.9,17.5,27.0
2026-07-02,WBD,"Warner Bros. Discovery, Inc. - ",Communication Services,40.0,39.5,40.1,42.0,38.2,39.9,26.48,22.73,-14.2,Tier 4 — Low Priority / Avoid,General Watchlist,26.1,0.0,25.1
2026-07-02,BA,Boeing Company (The),Industrials,28.8,29.7,21.3,38.3,26.7,28.9,226.49,93.82,-58.6,Tier 4 — Low Priority / Avoid,General Watchlist,4.7,0.0,12.1
2026-07-02,PFE,"Pfizer, Inc.",Healthcare,55.5,56.5,63.2,40.2,59.8,57.2,24.32,29.16,19.9,Tier 4 — Low Priority / Avoid,Recovery Candidate,57.2,37.5,53.1
2026-07-02,F,Ford Motor Company,Consumer Cyclical,23.9,19.5,23.8,38.8,12.4,24.2,13.36,12.42,-7.0,Tier 4 — Low Priority / Avoid,General Watchlist,0.0,0.0,9.1
2026-07-02,GM,General Motors Company,Consumer Cyclical,42.1,31.3,57.7,45.2,31.9,44.2,76.0,144.45,90.1,Tier 4 — Low Priority / Avoid,Recovery Candidate,35.8,27.5,37.8
2026-07-02,SHOP,Shopify Inc.,Technology,39.2,48.8,31.2,30.2,46.3,37.4,119.46,68.86,-42.4,Tier 4 — Low Priority / Avoid,General Watchlist,30.5,17.5,30.2
2026-07-02,ROKU,"Roku, Inc.",Communication Services,51.1,49.3,38.1,75.0,46.2,49.0,142.43,107.94,-24.2,Tier 4 — Low Priority / Avoid,General Watchlist,43.1,52.5,46.2
2026-07-02,ZM,"Zoom Communications, Inc.",Technology,73.3,82.0,77.6,46.0,85.3,73.2,87.14,106.75,22.5,Tier 3 — Watchlist Only,"Long-Term Compounder, Undervalued Opportunity, Healthy Business",78.3,50.0,70.7
2026-07-02,BABA,Alibaba Group Holding Limited,Consumer Cyclical,35.8,34.6,51.4,20.4,30.9,38.4,96.14,150.24,56.3,Tier 4 — Low Priority / Avoid,Recovery Candidate,29.4,15.0,31.0
2026-07-06,MSFT,Microsoft Corporation,Technology,53.3,63.6,54.2,29.5,62.8,53.6,384.13,402.11,4.7,Tier 4 — Low Priority / Avoid,General Watchlist,51.5,37.5,49.9
2026-07-06,AAPL,Apple Inc.,Technology,60.2,67.0,44.1,66.8,65.5,58.6,312.67,216.08,-30.9,Tier 3 — Watchlist Only,General Watchlist,52.5,37.5,49.9
2026-07-06,NVDA,NVIDIA Corporation,Technology,66.0,73.9,67.0,48.9,72.5,64.4,197.22,268.63,36.2,Tier 3 — Watchlist Only,General Watchlist,58.9,40.0,57.7
2026-07-06,META,"Meta Platforms, Inc.",Communication Services,61.2,71.4,65.8,33.8,69.7,61.1,595.06,740.67,24.5,Tier 3 — Watchlist Only,General Watchlist,60.1,37.5,56.6
2026-07-06,GOOGL,Alphabet Inc.,Communication Services,62.7,68.7,48.7,69.9,65.3,61.4,364.36,304.69,-16.4,Tier 3 — Watchlist Only,General Watchlist,55.0,65.0,58.9
2026-07-06,AMZN,"Amazon.com, Inc.",Consumer Cyclical,41.5,44.6,34.9,46.9,39.1,41.5,245.57,156.65,-36.2,Tier 4 — Low Priority / Avoid,General Watchlist,32.0,15.0,30.9
2026-07-06,COST,Costco Wholesale Corporation,Consumer Defensive,34.2,40.7,22.2,40.8,31.9,35.0,942.72,473.85,-49.7,Tier 4 — Low Priority / Avoid,General Watchlist,21.0,15.0,23.8
2026-07-06,AVGO,Broadcom Inc.,Technology,67.4,74.3,64.8,57.2,73.0,65.5,374.63,598.1,59.7,Tier 3 — Watchlist Only,General Watchlist,58.1,40.0,57.3
2026-07-06,V,Visa Inc.,Financial Services,66.0,74.7,57.1,58.3,73.9,65.6,355.6,345.38,-2.9,Tier 3 — Watchlist Only,General Watchlist,63.1,50.0,60.5
2026-07-06,MA,Mastercard Incorporated,Financial Services,58.4,67.5,54.8,42.1,68.0,58.1,531.19,528.48,-0.5,Tier 4 — Low Priority / Avoid,General Watchlist,46.0,27.5,46.7
2026-07-06,LLY,Eli Lilly and Company,Healthcare,58.6,63.7,42.9,71.1,59.1,57.1,1202.75,966.14,-19.7,Tier 4 — Low Priority / Avoid,General Watchlist,47.4,52.5,51.1
2026-07-06,UNH,UnitedHealth Group Incorporated,Healthcare,38.9,30.1,33.6,65.7,29.3,39.5,415.95,295.68,-28.9,Tier 4 — Low Priority / Avoid,General Watchlist,38.0,27.5,34.2
2026-07-06,HD,"Home Depot, Inc. (The)",Consumer Cyclical,31.7,28.6,29.4,40.8,28.6,32.8,350.47,232.93,-33.5,Tier 4 — Low Priority / Avoid,General Watchlist,13.3,0.0,16.8
2026-07-06,PG,Procter & Gamble Company (The),Consumer Defensive,48.7,52.7,43.8,44.5,53.5,49.8,147.42,113.66,-22.9,Tier 4 — Low Priority / Avoid,General Watchlist,44.9,0.0,35.0
2026-07-06,ADBE,Adobe Inc.,Technology,67.4,73.8,84.9,25.9,80.4,67.6,218.53,497.04,127.5,Tier 3 — Watchlist Only,"Undervalued Opportunity, Recovery Candidate, Healthy Business",70.9,37.5,64.4
2026-07-06,CRM,"Salesforce, Inc.",Technology,59.5,64.9,76.5,25.5,65.6,60.0,166.76,267.15,60.2,Tier 4 — Low Priority / Avoid,"Undervalued Opportunity, Recovery Candidate",53.2,27.5,52.5
2026-07-06,NFLX,"Netflix, Inc.",Communication Services,67.5,77.7,73.5,35.4,80.4,66.6,76.38,92.76,21.5,Tier 3 — Watchlist Only,Healthy Business,72.5,50.0,66.7
2026-07-06,NOW,"ServiceNow, Inc.",Technology,48.9,57.7,51.5,25.7,58.0,48.8,108.75,108.23,-0.5,Tier 4 — Low Priority / Avoid,General Watchlist,54.6,25.0,46.2
2026-07-06,AMD,"Advanced Micro Devices, Inc.",Technology,56.6,59.2,40.0,76.6,54.5,53.3,562.39,344.97,-38.7,Tier 4 — Low Priority / Avoid,Position Trade Candidate,47.2,52.5,49.6
2026-07-06,QCOM,QUALCOMM Incorporated,Technology,65.0,65.5,72.1,52.8,68.9,64.5,188.03,255.36,35.8,Tier 3 — Watchlist Only,Recovery Candidate,68.1,50.0,63.4
2026-07-06,PYPL,"PayPal Holdings, Inc.",Financial Services,53.5,52.9,72.8,26.0,58.3,54.8,45.0,72.94,62.1,Tier 4 — Low Priority / Avoid,Recovery Candidate,56.6,25.0,50.5
2026-07-06,DIS,Walt Disney Company (The),Communication Services,30.2,28.7,32.2,30.6,28.1,32.0,97.71,70.98,-27.4,Tier 4 — Low Priority / Avoid,General Watchlist,22.7,0.0,20.4
2026-07-06,NKE,"Nike, Inc.",Consumer Cyclical,45.2,49.3,50.1,29.7,49.6,45.6,42.96,43.09,0.3,Tier 4 — Low Priority / Avoid,General Watchlist,48.6,25.0,42.5
2026-07-06,SBUX,Starbucks Corporation,Consumer Cyclical,29.2,26.3,21.9,50.6,18.3,30.1,100.86,74.8,-25.8,Tier 4 — Low Priority / Avoid,General Watchlist,3.7,0.0,11.7
2026-07-06,INTC,Intel Corporation,Technology,36.8,29.4,26.4,69.6,25.9,35.5,124.31,69.59,-44.0,Tier 4 — Low Priority / Avoid,General Watchlist,19.6,30.0,26.6
2026-07-06,TGT,Target Corporation,Consumer Defensive,35.4,27.6,36.6,52.0,26.0,36.6,125.2,93.43,-25.4,Tier 4 — Low Priority / Avoid,General Watchlist,26.3,15.0,26.7
2026-07-06,CVS,CVS Health Corporation,Healthcare,41.7,28.8,42.1,75.3,20.7,43.5,102.21,159.47,56.0,Tier 4 — Low Priority / Avoid,Position Trade Candidate,20.7,17.5,27.3
2026-07-06,WBD,"Warner Bros. Discovery, Inc. - ",Communication Services,39.9,39.5,40.1,41.4,38.3,39.8,26.35,22.75,-13.7,Tier 4 — Low Priority / Avoid,General Watchlist,26.0,0.0,25.0
2026-07-06,BA,Boeing Company (The),Industrials,29.0,29.7,21.3,39.5,26.7,29.1,232.63,94.68,-59.3,Tier 4 — Low Priority / Avoid,General Watchlist,5.4,0.0,12.4
2026-07-06,PFE,"Pfizer, Inc.",Healthcare,54.4,56.5,63.4,34.8,59.9,56.2,23.77,28.73,20.9,Tier 4 — Low Priority / Avoid,Recovery Candidate,56.6,37.5,52.8
2026-07-06,F,Ford Motor Company,Consumer Cyclical,23.9,19.6,23.3,39.4,12.4,24.1,13.79,12.53,-9.2,Tier 4 — Low Priority / Avoid,General Watchlist,0.0,0.0,9.1
2026-07-06,GM,General Motors Company,Consumer Cyclical,41.7,31.3,57.7,43.6,31.9,43.8,77.59,146.01,88.2,Tier 4 — Low Priority / Avoid,Recovery Candidate,35.0,27.5,37.5
2026-07-06,SHOP,Shopify Inc.,Technology,37.8,48.8,30.1,25.6,46.3,36.0,120.41,65.99,-45.2,Tier 4 — Low Priority / Avoid,General Watchlist,28.3,5.0,26.0
2026-07-06,ROKU,"Roku, Inc.",Communication Services,50.0,49.2,38.0,70.0,46.1,48.0,141.72,106.79,-24.7,Tier 4 — Low Priority / Avoid,General Watchlist,41.1,40.0,42.2
2026-07-06,ZM,"Zoom Communications, Inc.",Technology,73.5,82.2,78.7,44.8,85.6,73.4,85.69,107.55,25.5,Tier 3 — Watchlist Only,"Long-Term Compounder, Undervalued Opportunity, Healthy Business",78.6,50.0,71.0
2026-07-06,BABA,Alibaba Group Holding Limited,Consumer Cyclical,36.7,34.6,51.4,24.5,30.8,39.2,97.52,152.75,56.6,Tier 4 — Low Priority / Avoid,Recovery Candidate,31.5,27.5,34.9
2026-07-13,MSFT,Microsoft Corporation,Technology,54.5,63.6,53.8,35.5,62.7,54.7,390.96,402.96,3.1,Tier 4 — Low Priority / Avoid,General Watchlist,53.2,50.0,53.8
2026-07-13,AAPL,Apple Inc.,Technology,60.7,67.0,43.7,69.6,65.4,59.0,316.36,168.36,-46.8,Tier 3 — Watchlist Only,General Watchlist,52.0,37.5,49.7
2026-07-13,NVDA,NVIDIA Corporation,Technology,64.4,73.8,56.2,55.9,72.3,62.0,207.15,156.96,-24.2,Tier 3 — Watchlist Only,General Watchlist,57.0,40.0,55.1
2026-07-13,META,"Meta Platforms, Inc.",Communication Services,61.4,71.2,58.6,44.9,69.2,60.7,661.86,659.91,-0.3,Tier 3 — Watchlist Only,General Watchlist,59.2,37.5,55.1
2026-07-13,GOOGL,Alphabet Inc.,Communication Services,60.8,68.7,49.0,60.7,65.4,59.7,355.27,314.64,-11.4,Tier 3 — Watchlist Only,General Watchlist,51.9,40.0,51.3
2026-07-13,AMZN,"Amazon.com, Inc.",Consumer Cyclical,40.1,44.6,36.2,38.8,39.1,40.3,248.32,117.18,-52.8,Tier 4 — Low Priority / Avoid,General Watchlist,29.9,2.5,27.0
2026-07-13,COST,Costco Wholesale Corporation,Consumer Defensive,34.1,40.8,22.4,40.1,32.0,35.0,921.84,368.73,-60.0,Tier 4 — Low Priority / Avoid,General Watchlist,22.4,27.5,27.4
2026-07-13,AVGO,Broadcom Inc.,Technology,65.6,74.4,54.6,62.2,72.9,63.0,390.59,156.24,-60.0,Tier 3 — Watchlist Only,General Watchlist,57.2,52.5,58.2
2026-07-13,V,Visa Inc.,Financial Services,64.8,74.8,56.1,53.7,74.0,64.4,354.41,275.52,-22.3,Tier 3 — Watchlist Only,General Watchlist,61.0,37.5,56.3
2026-07-13,MA,Mastercard Incorporated,Financial Services,57.3,67.6,53.0,39.5,68.0,57.0,535.22,447.04,-16.5,Tier 4 — Low Priority / Avoid,General Watchlist,44.8,27.5,45.8
2026-07-13,LLY,Eli Lilly and Company,Healthcare,57.4,63.8,43.2,65.1,59.1,56.0,1190.0,676.08,-43.2,Tier 4 — Low Priority / Avoid,General Watchlist,45.2,40.0,47.1
2026-07-13,UNH,UnitedHealth Group Incorporated,Healthcare,38.6,30.1,33.2,64.9,29.0,39.2,428.65,290.74,-32.2,Tier 4 — Low Priority / Avoid,General Watchlist,36.4,15.0,30.4
2026-07-13,HD,"Home Depot, Inc. (The)",Consumer Cyclical,29.2,28.7,30.1,28.2,28.7,30.6,338.67,192.48,-43.2,Tier 4 — Low Priority / Avoid,General Watchlist,17.4,0.0,18.1
2026-07-13,PG,Procter & Gamble Company (The),Consumer Defensive,48.9,52.8,44.1,45.1,53.6,50.0,147.26,106.25,-27.8,Tier 4 — Low Priority / Avoid,General Watchlist,46.3,12.5,38.7
2026-07-13,ADBE,Adobe Inc.,Technology,68.4,73.6,84.5,31.8,80.0,68.5,231.64,423.13,82.7,Tier 3 — Watchlist Only,"Undervalued Opportunity, Recovery Candidate, Healthy Business",71.0,37.5,64.5
2026-07-13,CRM,"Salesforce, Inc.",Technology,61.3,64.9,76.4,33.6,65.5,61.6,172.5,309.93,79.7,Tier 3 — Watchlist Only,"Undervalued Opportunity, Recovery Candidate",54.8,40.0,56.4
2026-07-13,NFLX,"Netflix, Inc.",Communication Services,68.1,77.8,77.3,33.1,80.5,67.5,74.78,106.65,42.6,Tier 3 — Watchlist Only,"Undervalued Opportunity, Healthy Business",72.9,50.0,67.5
2026-07-13,NOW,"ServiceNow, Inc.",Technology,51.1,57.5,52.9,34.1,57.8,50.9,112.56,121.19,7.7,Tier 4 — Low Priority / Avoid,General Watchlist,54.9,25.0,46.8
2026-07-13,AMD,"Advanced Micro Devices, Inc.",Technology,55.5,59.2,39.8,72.2,54.6,52.3,544.7,217.88,-60.0,Tier 4 — Low Priority / Avoid,General Watchlist,44.7,40.0,45.4
2026-07-13,QCOM,QUALCOMM Incorporated,Technology,61.9,65.5,62.5,51.0,68.9,60.8,186.39,174.51,-6.4,Tier 3 — Watchlist Only,Recovery Candidate,65.1,50.0,60.3
2026-07-13,PYPL,"PayPal Holdings, Inc.",Financial Services,53.9,52.6,72.4,29.3,58.0,55.2,47.08,67.78,44.0,Tier 4 — Low Priority / Avoid,Recovery Candidate,57.3,37.5,53.8
2026-07-13,DIS,Walt Disney Company (The),Communication Services,30.1,28.8,32.6,29.6,28.1,31.9,97.14,48.07,-50.5,Tier 4 — Low Priority / Avoid,General Watchlist,23.1,0.0,20.6
2026-07-13,NKE,"Nike, Inc.",Consumer Cyclical,44.0,49.1,47.2,28.1,49.5,44.3,44.21,36.62,-17.2,Tier 4 — Low Priority / Avoid,General Watchlist,47.1,25.0,41.4
2026-07-13,SBUX,Starbucks Corporation,Consumer Cyclical,29.5,26.4,21.3,52.6,18.2,30.3,107.89,79.37,-26.4,Tier 4 — Low Priority / Avoid,General Watchlist,3.6,0.0,11.6
2026-07-13,INTC,Intel Corporation,Technology,35.4,29.4,26.4,63.4,25.9,34.3,104.5,75.32,-27.9,Tier 4 — Low Priority / Avoid,General Watchlist,19.2,30.0,26.3
2026-07-13,TGT,Target Corporation,Consumer Defensive,36.3,27.3,35.3,58.9,25.3,37.4,135.25,100.47,-25.7,Tier 4 — Low Priority / Avoid,General Watchlist,26.5,17.5,27.3
2026-07-13,CVS,CVS Health Corporation,Healthcare,37.8,28.6,31.8,71.6,20.5,39.0,105.87,68.87,-35.0,Tier 4 — Low Priority / Avoid,General Watchlist,16.2,5.0,20.4
2026-07-13,WBD,"Warner Bros. Discovery, Inc. - ",Communication Services,43.0,39.5,50.1,42.6,38.2,43.5,26.69,42.01,57.4,Tier 4 — Low Priority / Avoid,General Watchlist,28.5,0.0,28.0
2026-07-13,BA,Boeing Company (The),Industrials,26.5,29.5,21.2,28.4,26.7,26.8,218.06,87.22,-60.0,Tier 4 — Low Priority / Avoid,General Watchlist,4.1,0.0,11.6
2026-07-13,PFE,"Pfizer, Inc.",Healthcare,53.4,56.4,59.7,35.1,59.8,55.0,24.46,25.67,5.0,Tier 4 — Low Priority / Avoid,Recovery Candidate,54.6,25.0,48.2
2026-07-13,F,Ford Motor Company,Consumer Cyclical,23.9,19.6,23.1,39.9,12.4,24.2,13.97,8.53,-38.9,Tier 4 — Low Priority / Avoid,General Watchlist,0.0,0.0,9.1
2026-07-13,GM,General Motors Company,Consumer Cyclical,40.7,31.3,57.7,39.3,31.9,42.9,76.98,137.12,78.1,Tier 4 — Low Priority / Avoid,Recovery Candidate,33.4,15.0,33.7
2026-07-13,SHOP,Shopify Inc.,Technology,41.4,49.0,30.2,41.3,46.3,39.2,125.64,50.26,-60.0,Tier 4 — Low Priority / Avoid,General Watchlist,32.5,17.5,31.1
2026-07-13,ROKU,"Roku, Inc.",Communication Services,49.6,49.3,38.1,68.3,46.1,47.6,142.38,84.63,-40.6,Tier 4 — Low Priority / Avoid,General Watchlist,40.5,40.0,42.0
2026-07-13,ZM,"Zoom Communications, Inc.",Technology,76.0,81.7,78.7,57.7,84.6,75.7,92.65,121.17,30.8,Tier 2 — Worth Researching,"Long-Term Compounder, Undervalued Opportunity, Healthy Business",79.7,50.0,71.7
2026-07-13,BABA,Alibaba Group Holding Limited,Consumer Cyclical,35.9,34.6,45.0,29.7,30.3,37.9,113.19,123.91,9.5,Tier 4 — Low Priority / Avoid,Recovery Candidate,30.1,27.5,33.3
2026-07-14,KIM,Kimco Realty Corporation (HC),Real Estate,55.5,58.7,44.5,63.4,57.1,55.3,25.12,16.7,-33.5,Tier 4 — Low Priority / Avoid,General Watchlist,43.5,27.5,42.9
2026-07-14,KMI,"Kinder Morgan, Inc.",Energy,47.4,48.4,37.9,61.5,41.8,48.1,32.34,18.11,-44.0,Tier 4 — Low Priority / Avoid,General Watchlist,32.9,27.5,36.1
2026-07-14,KKR,KKR & Co. Inc.,Financial Services,33.9,33.2,43.2,22.1,35.0,34.8,97.47,105.53,8.3,Tier 4 — Low Priority / Avoid,General Watchlist,26.8,0.0,24.4
2026-07-14,KLAC,KLA Corporation,Technology,60.3,65.0,40.7,74.0,67.3,57.4,230.22,92.09,-60.0,Tier 3 — Watchlist Only,General Watchlist,57.0,62.5,56.8
2026-07-14,KHC,The Kraft Heinz Company,Consumer Defensive,47.8,44.9,54.8,45.4,43.5,49.9,24.97,25.75,3.1,Tier 4 — Low Priority / Avoid,Recovery Candidate,47.0,15.0,40.4
2026-07-14,KR,Kroger Company (The),Consumer Defensive,30.5,27.2,41.2,25.4,24.2,33.1,58.82,57.53,-2.2,Tier 4 — Low Priority / Avoid,Recovery Candidate,21.0,2.5,21.8
2026-07-14,LHX,"L3Harris Technologies, Inc.",Industrials,38.1,41.1,37.0,35.4,36.1,39.9,292.2,247.46,-15.3,Tier 4 — Low Priority / Avoid,General Watchlist,38.9,12.5,32.4
2026-07-14,LH,Labcorp Holdings Inc.,Healthcare,43.9,42.8,44.3,49.1,37.4,45.7,276.36,233.05,-15.7,Tier 4 — Low Priority / Avoid,General Watchlist,41.3,12.5,35.4
2026-07-14,LRCX,Lam Research Corporation,Technology,64.6,73.1,46.0,71.5,71.8,61.0,343.99,137.6,-60.0,Tier 3 — Watchlist Only,General Watchlist,51.4,40.0,51.4
2026-07-14,LVS,Las Vegas Sands Corp.,Consumer Cyclical,53.2,58.8,67.7,25.2,54.6,53.9,45.16,59.9,32.7,Tier 4 — Low Priority / Avoid,Recovery Candidate,41.5,15.0,42.4
2026-07-14,LDOS,"Leidos Holdings, Inc.",Technology,40.9,39.0,58.3,20.3,41.7,43.3,106.39,146.27,37.5,Tier 4 — Low Priority / Avoid,Recovery Candidate,35.1,15.0,35.2
2026-07-14,LEN,Lennar Corporation,Consumer Cyclical,30.3,30.1,36.6,19.2,34.2,31.7,82.49,63.27,-23.3,Tier 4 — Low Priority / Avoid,General Watchlist,35.4,12.5,28.8
2026-07-14,LII,"Lennox International, Inc.",Industrials,30.6,29.2,29.6,34.0,29.9,31.5,554.46,314.86,-43.2,Tier 4 — Low Priority / Avoid,General Watchlist,12.4,0.0,16.4
2026-07-14,LLY,Eli Lilly and Company,Healthcare,56.4,63.7,43.6,59.9,59.2,55.1,1147.7,672.24,-41.4,Tier 4 — Low Priority / Avoid,General Watchlist,43.8,27.5,43.4
2026-07-14,LIN,Linde plc,Basic Materials,46.9,49.5,36.7,55.3,47.1,47.7,526.79,268.92,-49.0,Tier 4 — Low Priority / Avoid,General Watchlist,36.4,0.0,30.4
2026-07-14,LYV,"Live Nation Entertainment, Inc.",Communication Services,36.5,34.7,28.2,53.9,30.9,36.6,181.35,124.59,-31.3,Tier 4 — Low Priority / Avoid,General Watchlist,22.0,2.5,21.5
2026-07-14,LMT,Lockheed Martin Corporation,Industrials,29.9,27.4,33.0,30.7,27.5,31.7,520.27,289.38,-44.4,Tier 4 — Low Priority / Avoid,General Watchlist,19.8,0.0,19.4
2026-07-14,L,Loews Corporation,Financial Services,47.2,43.3,46.9,55.1,43.5,49.5,116.34,110.04,-5.4,Tier 4 — Low Priority / Avoid,General Watchlist,47.5,12.5,38.5
2026-07-14,LOW,"Lowe's Companies, Inc.",Consumer Cyclical,31.1,30.8,36.8,25.5,28.2,33.5,208.88,169.37,-18.9,Tier 4 — Low Priority / Avoid,General Watchlist,21.5,0.0,21.2
2026-07-14,LULU,lululemon athletica inc.,Consumer Cyclical,50.1,50.6,70.2,19.2,55.8,52.0,116.93,173.76,48.6,Tier 4 — Low Priority / Avoid,Recovery Candidate,55.8,37.5,52.3
2026-07-14,LITE,Lumentum Holdings Inc.,Technology,43.5,44.1,31.0,62.0,40.0,41.5,809.09,323.64,-60.0,Tier 4 — Low Priority / Avoid,General Watchlist,22.6,17.5,27.6
2026-07-14,LYB,LyondellBasell Industries NV,Basic Materials,23.3,15.2,28.7,34.8,13.9,25.4,57.95,42.51,-26.6,Tier 4 — Low Priority / Avoid,General Watchlist,15.8,0.0,15.2
2026-07-14,MTB,M&T Bank Corporation,Financial Services,59.3,59.0,53.8,66.9,58.9,59.5,244.36,219.03,-10.4,Tier 4 — Low Priority / Avoid,General Watchlist,57.1,37.5,52.3
2026-07-14,MPC,Marathon Petroleum Corporation,Energy,39.8,29.1,35.5,73.2,23.1,41.0,297.81,212.8,-28.5,Tier 4 — Low Priority / Avoid,General Watchlist,19.8,17.5,25.7
2026-07-14,MAR,Marriott International,Consumer Cyclical,47.6,52.3,38.8,48.2,52.3,47.3,360.5,171.84,-52.3,Tier 4 — Low Priority / Avoid,General Watchlist,30.1,0.0,28.7
2026-07-14,MRSH,Marsh,Financial Services,47.1,48.8,49.3,37.6,51.7,48.2,179.56,164.29,-8.5,Tier 4 — Low Priority / Avoid,General Watchlist,36.6,2.5,32.9
2026-07-14,MLM,"Martin Marietta Materials, Inc.",Basic Materials,41.6,49.7,35.9,34.5,44.2,42.1,573.76,289.63,-49.5,Tier 4 — Low Priority / Avoid,General Watchlist,35.3,12.5,32.2
2026-07-14,MRVL,"Marvell Technology, Inc.",Technology,55.0,57.1,40.6,68.3,58.9,52.0,222.98,89.19,-60.0,Tier 4 — Low Priority / Avoid,General Watchlist,45.9,40.0,45.7
2026-07-14,MAS,Masco Corporation,Industrials,46.8,45.8,46.0,50.6,44.9,46.7,77.16,68.49,-11.2,Tier 4 — Low Priority / Avoid,General Watchlist,34.3,0.0,30.5
2026-07-14,MA,Mastercard Incorporated,Financial Services,58.9,67.5,52.6,47.3,67.9,58.4,540.3,447.04,-17.3,Tier 4 — Low Priority / Avoid,General Watchlist,47.6,40.0,50.1
2026-07-14,MKC,"McCormick & Company, Incorporat",Consumer Defensive,43.5,44.6,49.5,32.1,45.3,45.2,53.19,58.67,10.3,Tier 4 — Low Priority / Avoid,General Watchlist,32.0,0.0,29.9
2026-07-14,MCD,McDonald's Corporation,Consumer Cyclical,47.6,53.8,43.6,37.9,54.2,48.5,270.47,176.9,-34.6,Tier 4 — Low Priority / Avoid,General Watchlist,36.6,2.5,32.6
2026-07-14,MCK,McKesson Corporation,Healthcare,41.0,41.1,43.3,40.1,37.3,42.7,807.35,712.62,-11.7,Tier 4 — Low Priority / Avoid,General Watchlist,38.2,2.5,31.0
2026-07-14,MDT,Medtronic plc.,Healthcare,48.4,53.5,50.3,35.1,51.6,49.8,79.55,67.51,-15.1,Tier 4 — Low Priority / Avoid,General Watchlist,48.2,12.5,40.4
2026-07-14,MRK,"Merck & Company, Inc.",Healthcare,57.9,59.5,50.8,63.0,60.1,57.6,120.69,96.95,-19.7,Tier 4 — Low Priority / Avoid,General Watchlist,56.3,27.5,48.8
2026-07-14,META,"Meta Platforms, Inc.",Communication Services,61.4,71.2,58.7,44.5,69.2,60.6,661.21,660.48,-0.1,Tier 3 — Watchlist Only,General Watchlist,59.3,37.5,55.1
2026-07-14,MET,"MetLife, Inc.",Financial Services,40.7,34.5,40.5,58.7,28.7,42.3,93.52,72.42,-22.6,Tier 4 — Low Priority / Avoid,General Watchlist,30.1,27.5,33.3
2026-07-14,MTD,"Mettler-Toledo International, I",Healthcare,41.0,45.8,34.7,37.3,46.9,40.7,1303.72,586.42,-55.0,Tier 4 — Low Priority / Avoid,General Watchlist,24.7,0.0,24.5
2026-07-14,MGM,MGM Resorts International,Consumer Cyclical,27.6,18.4,24.1,54.0,16.3,27.9,47.05,26.73,-43.2,Tier 4 — Low Priority / Avoid,General Watchlist,3.1,7.5,12.6
2026-07-14,MCHP,Microchip Technology Incorporat,Technology,43.8,45.4,39.1,50.2,41.0,42.4,87.46,38.75,-55.7,Tier 4 — Low Priority / Avoid,General Watchlist,35.0,0.0,29.0
2026-07-14,MU,"Micron Technology, Inc.",Technology,68.9,71.8,60.9,74.4,70.9,65.9,964.44,739.11,-23.4,Tier 3 — Watchlist Only,General Watchlist,60.1,55.0,61.0
2026-07-14,MSFT,Microsoft Corporation,Technology,53.5,63.6,54.0,30.6,62.8,53.8,387.05,402.4,4.0,Tier 4 — Low Priority / Avoid,General Watchlist,51.3,37.5,49.9
2026-07-14,MAA,Mid-America Apartment Communiti,Real Estate,42.8,45.8,37.0,41.1,47.9,43.8,134.71,79.47,-41.0,Tier 4 — Low Priority / Avoid,General Watchlist,28.9,2.5,27.4
2026-07-14,MRNA,"Moderna, Inc.",Healthcare,42.0,34.5,37.7,69.3,27.5,42.0,66.47,41.66,-37.3,Tier 4 — Low Priority / Avoid,General Watchlist,34.9,40.0,37.6
2026-07-14,TAP,Molson Coors Beverage Company,Consumer Defensive,38.3,41.1,45.3,25.6,36.6,40.5,39.24,35.99,-8.3,Tier 4 — Low Priority / Avoid,General Watchlist,29.9,2.5,28.1
2026-07-14,MDLZ,"Mondelez International, Inc.",Consumer Defensive,35.8,36.0,35.9,38.8,29.9,37.8,58.95,44.57,-24.4,Tier 4 — Low Priority / Avoid,General Watchlist,22.8,0.0,22.6
2026-07-14,MPWR,"Monolithic Power Systems, Inc.",Technology,60.0,68.7,43.6,64.5,66.0,56.6,1382.31,552.92,-60.0,Tier 3 — Watchlist Only,General Watchlist,48.0,27.5,45.6
2026-07-14,MNST,Monster Beverage Corporation,Consumer Defensive,68.2,76.5,44.9,82.8,72.3,66.7,97.8,42.13,-56.9,Tier 3 — Watchlist Only,Position Trade Candidate,62.3,62.5,61.8
2026-07-14,MCO,Moody's Corporation,Financial Services,50.1,58.1,43.0,38.6,61.5,49.1,493.06,259.55,-47.4,Tier 4 — Low Priority / Avoid,General Watchlist,32.8,2.5,31.7
2026-07-14,MS,Morgan Stanley,Financial Services,64.2,64.2,51.6,82.1,62.9,62.4,230.02,201.58,-12.4,Tier 3 — Watchlist Only,Position Trade Candidate,60.0,62.5,60.1
2026-07-14,MOS,Mosaic Company (The),Basic Materials,21.7,20.3,25.2,24.5,13.5,23.8,22.48,12.24,-45.5,Tier 4 — Low Priority / Avoid,General Watchlist,13.9,0.0,14.2
2026-07-14,MSI,"Motorola Solutions, Inc.",Technology,38.4,40.8,34.0,37.3,42.1,39.0,414.14,212.46,-48.7,Tier 4 — Low Priority / Avoid,General Watchlist,26.8,0.0,24.4
2026-07-14,MSCI,MSCI Inc.,Financial Services,54.4,62.7,44.7,49.8,60.8,53.6,610.77,405.66,-33.6,Tier 4 — Low Priority / Avoid,General Watchlist,35.3,2.5,34.0
2026-07-14,NDAQ,"Nasdaq, Inc.",Financial Services,54.0,63.9,49.1,39.4,61.8,54.0,88.56,59.76,-32.5,Tier 4 — Low Priority / Avoid,General Watchlist,41.6,15.0,40.2
2026-07-14,NTAP,"NetApp, Inc.",Technology,63.7,64.9,56.0,71.5,65.0,61.5,174.87,135.6,-22.5,Tier 3 — Watchlist Only,General Watchlist,53.1,27.5,49.6
2026-07-15,NFLX,"Netflix, Inc.",Communication Services,68.5,77.8,77.3,34.7,80.5,67.9,74.47,106.67,43.2,Tier 3 — Watchlist Only,"Undervalued Opportunity, Healthy Business",73.4,50.0,67.8
2026-07-15,NEM,Newmont Corporation,Basic Materials,83.9,94.3,90.9,51.7,94.4,83.4,94.84,224.66,136.9,Tier 2 — Worth Researching,"Long-Term Compounder, Undervalued Opportunity, Recovery Candidate, Healthy Business, High Expected Return Candidate",88.3,75.0,85.2
2026-07-15,NWSA,News Corporation,Communication Services,50.0,52.0,48.0,46.1,53.9,51.1,28.04,24.42,-12.9,Tier 4 — Low Priority / Avoid,General Watchlist,54.7,37.5,48.6
2026-07-15,NWS,News Corporation,Communication Services,48.9,51.5,46.0,44.7,53.4,49.9,31.75,27.63,-13.0,Tier 4 — Low Priority / Avoid,General Watchlist,53.8,37.5,47.7
2026-07-15,NEE,"NextEra Energy, Inc.",Utilities,42.8,42.8,36.3,53.5,38.7,43.6,89.7,70.92,-20.9,Tier 4 — Low Priority / Avoid,General Watchlist,19.2,0.0,23.0
2026-07-15,NKE,"Nike, Inc.",Consumer Cyclical,43.9,49.2,47.5,27.1,49.6,44.2,43.47,37.27,-14.3,Tier 4 — Low Priority / Avoid,General Watchlist,47.2,25.0,41.4
2026-07-15,NI,NiSource Inc,Utilities,37.8,36.0,32.5,49.9,32.8,39.6,46.55,36.18,-22.3,Tier 4 — Low Priority / Avoid,General Watchlist,16.0,0.0,20.0
2026-07-15,NDSN,Nordson Corporation,Industrials,52.3,55.1,46.1,53.8,55.3,52.4,287.23,209.78,-27.0,Tier 4 — Low Priority / Avoid,General Watchlist,52.0,12.5,41.6
2026-07-15,NSC,Norfolk Southern Corporation,Industrials,41.1,39.6,32.2,54.0,41.4,41.4,327.11,130.84,-60.0,Tier 4 — Low Priority / Avoid,General Watchlist,28.5,2.5,25.6
2026-07-15,NTRS,Northern Trust Corporation,Financial Services,61.6,60.1,53.5,78.0,56.9,61.0,190.28,172.08,-9.6,Tier 3 — Watchlist Only,Position Trade Candidate,57.4,37.5,52.6
2026-07-15,NOC,Northrop Grumman Corporation,Industrials,36.5,39.9,34.9,33.5,35.6,37.8,534.98,249.59,-53.3,Tier 4 — Low Priority / Avoid,General Watchlist,27.3,0.0,24.4
2026-07-15,NCLH,Norwegian Cruise Line Holdings ,Consumer Cyclical,26.6,24.5,38.7,17.2,22.8,27.0,20.08,19.84,-1.2,Tier 4 — Low Priority / Avoid,Recovery Candidate,0.7,0.0,12.6
2026-07-15,NRG,"NRG Energy, Inc.",Utilities,16.2,12.2,19.8,24.2,6.7,17.6,141.56,56.62,-60.0,Tier 4 — Low Priority / Avoid,General Watchlist,0.0,0.0,6.8
2026-07-15,NUE,Nucor Corporation,Basic Materials,44.3,41.8,37.4,64.7,33.8,43.7,235.11,140.98,-40.0,Tier 4 — Low Priority / Avoid,General Watchlist,36.3,40.0,39.0
2026-07-15,NVDA,NVIDIA Corporation,Technology,65.0,73.9,56.0,58.6,72.3,62.5,210.08,156.52,-25.5,Tier 3 — Watchlist Only,General Watchlist,57.7,40.0,55.4
2026-07-15,NVR,"NVR, Inc.",Consumer Cyclical,50.8,54.4,56.5,29.7,61.4,52.0,6439.82,6766.92,5.1,Tier 4 — Low Priority / Avoid,General Watchlist,58.2,37.5,51.5
2026-07-15,NXPI,NXP Semiconductors N.V.,Technology,61.7,65.3,57.6,59.0,66.0,59.6,280.43,193.24,-31.1,Tier 3 — Watchlist Only,General Watchlist,53.4,40.0,52.8
2026-07-15,ORLY,"O'Reilly Automotive, Inc.",Consumer Cyclical,35.4,39.5,32.9,31.3,35.7,37.0,85.96,42.98,-50.0,Tier 4 — Low Priority / Avoid,General Watchlist,16.9,0.0,20.3
2026-07-15,OXY,Occidental Petroleum Corporatio,Energy,52.8,52.3,49.8,58.3,51.0,53.2,53.47,43.12,-19.4,Tier 4 — Low Priority / Avoid,General Watchlist,52.6,25.0,45.3
2026-07-15,ODFL,"Old Dominion Freight Line, Inc.",Industrials,47.2,48.9,31.2,60.8,53.0,46.0,228.54,91.42,-60.0,Tier 4 — Low Priority / Avoid,General Watchlist,45.1,25.0,38.5
2026-07-15,OMC,Omnicom Group Inc.,Communication Services,50.1,46.6,61.0,46.6,42.1,52.1,82.06,125.33,52.7,Tier 4 — Low Priority / Avoid,General Watchlist,42.6,15.0,40.3
2026-07-15,ON,ON Semiconductor Corporation,Technology,52.4,50.9,47.0,62.5,52.1,50.4,92.28,44.06,-52.3,Tier 4 — Low Priority / Avoid,General Watchlist,49.2,40.0,46.9
2026-07-15,OKE,"ONEOK, Inc.",Energy,36.8,31.7,32.0,59.4,24.2,37.7,91.06,57.51,-36.8,Tier 4 — Low Priority / Avoid,General Watchlist,15.9,17.5,23.6
2026-07-15,ORCL,Oracle Corporation,Technology,43.9,47.9,57.0,18.3,48.6,43.3,131.08,251.15,91.6,Tier 4 — Low Priority / Avoid,General Watchlist,16.5,0.0,25.6
2026-07-15,OTIS,Otis Worldwide Corporation,Industrials,44.4,47.0,50.7,31.6,44.9,46.0,72.66,73.66,1.4,Tier 4 — Low Priority / Avoid,General Watchlist,34.1,2.5,31.8
2026-07-15,PCAR,PACCAR Inc.,Industrials,37.7,35.6,33.5,49.6,32.2,39.0,124.46,65.8,-47.1,Tier 4 — Low Priority / Avoid,General Watchlist,31.4,15.0,29.2
2026-07-15,PKG,Packaging Corporation of Americ,Consumer Cyclical,34.1,32.5,32.6,40.8,29.6,35.8,230.48,115.36,-49.9,Tier 4 — Low Priority / Avoid,General Watchlist,26.2,2.5,23.3
2026-07-15,PLTR,Palantir Technologies Inc.,Technology,58.4,76.1,47.7,33.1,76.3,55.5,133.49,53.4,-60.0,Tier 4 — Low Priority / Avoid,General Watchlist,49.2,40.0,50.3
2026-07-15,PANW,"Palo Alto Networks, Inc.",Technology,50.0,52.0,32.0,73.4,45.6,49.1,353.6,141.44,-60.0,Tier 4 — Low Priority / Avoid,General Watchlist,45.8,50.0,45.9
2026-07-15,PSKY,Paramount Skydance Corporation,Communication Services,35.9,35.0,56.1,9.9,37.9,37.3,9.23,12.55,35.9,Tier 4 — Low Priority / Avoid,Recovery Candidate,23.6,5.0,27.0
2026-07-15,PH,Parker-Hannifin Corporation,Industrials,41.2,43.4,31.2,49.1,43.0,41.4,954.99,487.8,-48.9,Tier 4 — Low Priority / Avoid,General Watchlist,33.1,0.0,26.8
2026-07-15,PAYX,"Paychex, Inc.",Technology,53.9,59.5,49.7,46.7,59.8,53.1,111.82,88.02,-21.3,Tier 4 — Low Priority / Avoid,General Watchlist,40.3,2.5,36.1
2026-07-15,PYPL,"PayPal Holdings, Inc.",Financial Services,56.1,51.6,69.8,44.9,56.7,56.9,55.45,71.44,28.9,Tier 4 — Low Priority / Avoid,General Watchlist,58.6,37.5,54.0
2026-07-15,PNR,Pentair plc.,Industrials,47.4,51.1,54.6,27.7,53.5,48.5,62.73,61.22,-2.4,Tier 4 — Low Priority / Avoid,Recovery Candidate,48.7,12.5,40.7
2026-07-15,PEP,"Pepsico, Inc.",Consumer Defensive,44.5,46.9,47.7,37.0,43.8,45.7,136.83,131.36,-4.0,Tier 4 — Low Priority / Avoid,General Watchlist,31.5,2.5,30.4
2026-07-15,PFE,"Pfizer, Inc.",Healthcare,54.3,56.5,59.4,39.9,59.7,55.8,24.73,25.66,3.8,Tier 4 — Low Priority / Avoid,Recovery Candidate,56.3,37.5,52.0
2026-07-15,PCG,Pacific Gas & Electric Co.,Utilities,42.2,37.6,45.8,53.2,29.9,43.5,17.54,18.06,3.0,Tier 4 — Low Priority / Avoid,Recovery Candidate,19.8,5.0,25.3
2026-07-15,PM,Philip Morris International Inc,Consumer Defensive,49.4,52.5,43.3,48.0,55.0,50.0,178.78,114.75,-35.8,Tier 4 — Low Priority / Avoid,General Watchlist,36.8,0.0,32.1
2026-07-15,PSX,Phillips 66,Energy,31.5,16.8,27.8,72.3,11.4,33.5,197.43,141.54,-28.3,Tier 4 — Low Priority / Avoid,General Watchlist,12.2,17.5,19.5
2026-07-15,PNW,Pinnacle West Capital Corporati,Utilities,33.2,27.0,27.7,58.0,20.3,35.0,108.95,75.18,-31.0,Tier 4 — Low Priority / Avoid,General Watchlist,11.4,0.0,16.1
2026-07-15,PNC,"PNC Financial Services Group, I",Financial Services,58.3,56.3,51.1,73.0,54.7,58.2,253.85,212.44,-16.3,Tier 4 — Low Priority / Avoid,General Watchlist,56.3,50.0,54.2
2026-07-15,PPG,"PPG Industries, Inc.",Basic Materials,36.7,35.2,37.2,39.6,33.7,38.1,116.67,73.58,-36.9,Tier 4 — Low Priority / Avoid,General Watchlist,27.5,0.0,24.4
2026-07-15,PPL,PPL Corporation,Utilities,36.1,33.8,35.4,44.3,29.3,38.3,36.41,28.56,-21.6,Tier 4 — Low Priority / Avoid,General Watchlist,15.4,0.0,19.8
2026-07-15,PFG,Principal Financial Group Inc,Financial Services,57.8,53.8,56.2,70.2,51.1,58.9,113.15,97.03,-14.2,Tier 4 — Low Priority / Avoid,General Watchlist,58.0,50.0,55.4
2026-07-15,PG,Procter & Gamble Company (The),Consumer Defensive,48.4,52.9,44.1,42.6,53.5,49.5,148.31,106.25,-28.4,Tier 4 — Low Priority / Avoid,General Watchlist,44.8,0.0,35.0
2026-07-15,PGR,Progressive Corporation (The),Financial Services,58.5,58.8,68.2,44.1,59.9,60.5,211.21,354.06,67.6,Tier 4 — Low Priority / Avoid,Recovery Candidate,59.6,37.5,55.4
2026-07-15,PLD,"Prologis, Inc.",Real Estate,54.5,60.4,39.3,61.8,58.9,53.2,143.32,80.99,-43.5,Tier 4 — Low Priority / Avoid,General Watchlist,38.0,27.5,40.1
2026-07-15,PRU,"Prudential Financial, Inc.",Financial Services,46.0,39.9,58.4,44.7,37.8,48.4,115.48,134.4,16.4,Tier 4 — Low Priority / Avoid,Recovery Candidate,37.9,15.0,37.0
2026-07-15,PEG,Public Service Enterprise Group,Utilities,40.0,42.2,36.3,43.9,35.3,41.4,81.08,63.28,-21.9,Tier 4 — Low Priority / Avoid,General Watchlist,17.1,0.0,21.9
2026-07-15,PTC,PTC Inc.,Technology,72.5,81.8,83.9,36.1,83.5,72.6,125.07,228.79,82.9,Tier 3 — Watchlist Only,"Long-Term Compounder, Undervalued Opportunity, Recovery Candidate, Healthy Business",72.8,50.0,69.6
2026-07-15,PSA,Public Storage,Real Estate,56.7,62.8,45.5,57.4,62.8,56.2,320.37,213.05,-33.5,Tier 4 — Low Priority / Avoid,General Watchlist,39.2,15.0,39.0
2026-07-15,PHM,"PulteGroup, Inc.",Consumer Cyclical,45.3,43.8,52.5,35.8,48.1,46.8,126.1,117.46,-6.8,Tier 4 — Low Priority / Avoid,Recovery Candidate,48.8,25.0,42.6
2026-07-15,PWR,"Quanta Services, Inc.",Industrials,35.8,34.2,21.3,66.1,23.0,35.5,644.12,257.65,-60.0,Tier 4 — Low Priority / Avoid,General Watchlist,22.0,40.0,29.6
2026-07-15,QCOM,QUALCOMM Incorporated,Technology,60.8,65.9,64.8,42.0,69.4,60.0,177.16,175.88,-0.7,Tier 3 — Watchlist Only,Recovery Candidate,62.7,37.5,56.6
2026-07-15,DGX,Quest Diagnostics Incorporated,Healthcare,44.1,40.7,40.6,59.2,35.5,46.0,204.71,173.35,-15.3,Tier 4 — Low Priority / Avoid,General Watchlist,40.0,2.5,31.7
2026-07-16,Q,"Qnity Electronics, Inc.",Technology,39.7,42.4,31.5,45.0,40.6,39.9,137.22,59.98,-56.3,Tier 4 — Low Priority / Avoid,General Watchlist,35.0,12.5,30.3
2026-07-16,RL,Ralph Lauren Corporation,Consumer Cyclical,49.2,53.1,44.9,47.9,50.5,48.6,386.46,269.69,-30.2,Tier 4 — Low Priority / Avoid,General Watchlist,48.2,25.0,42.5
2026-07-16,RJF,"Raymond James Financial, Inc.",Financial Services,59.1,61.9,62.4,48.2,61.7,60.0,169.7,190.62,12.3,Tier 4 — Low Priority / Avoid,General Watchlist,59.2,37.5,54.6
2026-07-16,RTX,RTX Corporation,Industrials,37.9,40.1,29.7,48.0,32.9,39.2,194.43,102.71,-47.2,Tier 4 — Low Priority / Avoid,General Watchlist,28.1,0.0,24.2
2026-07-16,O,Realty Income Corporation,Real Estate,48.4,54.8,35.8,53.0,50.5,48.8,64.86,25.94,-60.0,Tier 4 — Low Priority / Avoid,General Watchlist,38.9,2.5,32.4
2026-07-16,REG,Regency Centers Corporation,Real Estate,55.2,58.4,43.1,64.4,56.5,55.4,81.98,52.38,-36.1,Tier 4 — Low Priority / Avoid,General Watchlist,43.1,27.5,42.6
2026-07-16,REGN,"Regeneron Pharmaceuticals, Inc.",Healthcare,58.9,63.4,65.2,39.5,64.9,59.5,678.36,736.74,8.6,Tier 4 — Low Priority / Avoid,Recovery Candidate,63.9,37.5,56.8
2026-07-16,RF,Regions Financial Corporation,Financial Services,59.2,58.2,52.8,69.7,58.1,58.9,32.41,27.98,-13.7,Tier 4 — Low Priority / Avoid,General Watchlist,56.6,50.0,54.9
2026-07-16,RSG,"Republic Services, Inc.",Industrials,36.3,37.4,29.6,43.0,35.5,37.7,223.56,93.12,-58.3,Tier 4 — Low Priority / Avoid,General Watchlist,19.0,0.0,20.5
2026-07-16,RMD,ResMed Inc.,Healthcare,66.1,75.9,71.0,34.2,80.4,66.5,202.64,223.08,10.1,Tier 3 — Watchlist Only,Healthy Business,71.0,50.0,65.6
2026-07-16,RVTY,"Revvity, Inc.",Healthcare,42.3,41.6,40.7,46.4,40.6,43.1,111.05,87.17,-21.5,Tier 4 — Low Priority / Avoid,General Watchlist,42.3,12.5,34.7
2026-07-16,HOOD,"Robinhood Markets, Inc.",Financial Services,48.5,55.5,41.3,39.6,60.4,45.7,111.85,50.04,-55.3,Tier 4 — Low Priority / Avoid,General Watchlist,35.2,15.0,34.7
2026-07-16,ROK,"Rockwell Automation, Inc.",Industrials,44.2,48.5,32.8,52.3,44.4,43.3,463.58,204.89,-55.8,Tier 4 — Low Priority / Avoid,General Watchlist,25.3,2.5,25.7
2026-07-16,ROL,"Rollins, Inc.",Consumer Cyclical,36.2,43.9,29.1,27.1,44.3,36.9,45.29,19.44,-57.1,Tier 4 — Low Priority / Avoid,General Watchlist,30.1,0.0,24.8
2026-07-16,ROP,"Roper Technologies, Inc.",Technology,55.9,62.4,59.9,36.6,61.0,56.6,354.56,350.03,-1.3,Tier 4 — Low Priority / Avoid,General Watchlist,46.9,27.5,47.0
2026-07-16,ROST,"Ross Stores, Inc.",Consumer Cyclical,51.8,54.1,39.3,67.6,46.8,51.7,232.53,124.56,-46.4,Tier 4 — Low Priority / Avoid,General Watchlist,44.2,37.5,43.9
2026-07-16,RCL,Royal Caribbean Cruises Ltd.,Consumer Cyclical,42.3,44.2,46.7,33.0,43.7,41.8,290.46,302.68,4.2,Tier 4 — Low Priority / Avoid,General Watchlist,12.9,0.0,22.2
2026-07-16,SPGI,S&P Global Inc.,Financial Services,58.1,67.5,53.8,42.4,67.7,57.9,449.68,344.74,-23.3,Tier 4 — Low Priority / Avoid,General Watchlist,55.2,25.0,49.1
2026-07-16,CRM,"Salesforce, Inc.",Technology,60.4,64.9,76.7,29.2,65.5,60.8,169.09,334.22,97.7,Tier 3 — Watchlist Only,"Undervalued Opportunity, Recovery Candidate",53.1,27.5,52.6
2026-07-16,SNDK,Sandisk Corporation,Technology,64.4,70.2,51.5,68.9,70.2,61.8,1472.0,645.16,-56.2,Tier 3 — Watchlist Only,General Watchlist,57.3,52.5,57.2
2026-07-16,SBAC,SBA Communications Corporation,Real Estate,34.7,37.2,32.8,28.5,40.1,35.7,184.33,171.18,-7.1,Tier 4 — Low Priority / Avoid,General Watchlist,15.5,0.0,19.4
2026-07-16,SLB,SLB Limited,Energy,37.7,34.9,40.4,40.5,33.7,39.6,47.12,31.78,-32.6,Tier 4 — Low Priority / Avoid,General Watchlist,38.2,0.0,28.9
2026-07-16,STX,Seagate Technology Holdings PLC,Technology,54.5,57.1,42.5,67.6,53.9,51.2,773.86,309.54,-60.0,Tier 4 — Low Priority / Avoid,General Watchlist,27.8,17.5,33.9
2026-07-16,SRE,DBA Sempra,Utilities,36.7,33.9,34.4,46.7,31.8,38.4,93.12,81.12,-12.9,Tier 4 — Low Priority / Avoid,General Watchlist,17.0,0.0,20.3
2026-07-16,NOW,"ServiceNow, Inc.",Technology,53.0,58.0,57.1,36.3,58.3,53.0,101.06,121.16,19.9,Tier 4 — Low Priority / Avoid,General Watchlist,59.7,37.5,52.6
2026-07-16,SHW,Sherwin-Williams Company (The),Basic Materials,32.3,34.7,28.9,31.6,33.5,33.0,338.54,146.71,-56.7,Tier 4 — Low Priority / Avoid,General Watchlist,14.3,0.0,17.8
2026-07-16,SPG,"Simon Property Group, Inc.",Real Estate,56.2,58.4,43.4,69.7,55.9,54.7,227.44,160.6,-29.4,Tier 4 — Low Priority / Avoid,General Watchlist,36.5,40.0,43.3
2026-07-16,SWKS,"Skyworks Solutions, Inc.",Technology,42.8,43.8,53.6,23.5,48.2,43.5,56.26,50.61,-10.0,Tier 4 — Low Priority / Avoid,Recovery Candidate,45.8,40.0,45.0
2026-07-16,SJM,The J.M. Smucker Company,Consumer Defensive,42.0,39.9,45.3,44.3,36.5,43.9,111.49,88.08,-21.0,Tier 4 — Low Priority / Avoid,General Watchlist,31.6,15.0,32.2
2026-07-16,SW,Smurfit WestRock plc,Consumer Cyclical,28.9,22.5,33.9,37.3,21.0,31.0,44.79,34.62,-22.7,Tier 4 — Low Priority / Avoid,General Watchlist,29.9,15.0,26.2
2026-07-16,SNA,Snap-On Incorporated,Industrials,62.9,65.6,56.1,63.4,68.1,63.4,411.24,358.33,-12.9,Tier 3 — Watchlist Only,General Watchlist,66.0,50.0,60.1
2026-07-16,SOLV,Solventum Corporation,Healthcare,36.4,31.5,36.0,44.1,35.0,38.2,80.82,72.63,-10.1,Tier 4 — Low Priority / Avoid,General Watchlist,22.6,0.0,22.2
2026-07-16,SO,Southern Company (The),Utilities,32.4,29.6,29.6,43.0,26.9,34.3,95.65,54.74,-42.8,Tier 4 — Low Priority / Avoid,General Watchlist,11.3,0.0,16.5
2026-07-16,LUV,Southwest Airlines Company,Industrials,33.4,24.8,32.9,58.0,17.8,34.7,49.77,34.84,-30.0,Tier 4 — Low Priority / Avoid,General Watchlist,23.6,17.5,25.3
2026-07-16,SWK,"Stanley Black & Decker, Inc.",Industrials,33.9,25.6,34.3,51.9,25.0,34.9,90.25,64.41,-28.6,Tier 4 — Low Priority / Avoid,General Watchlist,24.2,2.5,22.0
2026-07-16,SBUX,Starbucks Corporation,Consumer Cyclical,30.3,26.5,21.4,55.8,18.2,31.0,108.63,79.67,-26.7,Tier 4 — Low Priority / Avoid,General Watchlist,4.9,5.0,13.5
2026-07-16,STT,State Street Corporation,Financial Services,51.0,42.3,44.1,76.9,45.5,51.1,187.37,166.83,-11.0,Tier 4 — Low Priority / Avoid,Position Trade Candidate,49.1,50.0,48.2
2026-07-16,STLD,"Steel Dynamics, Inc.",Basic Materials,42.7,39.0,34.4,68.1,30.3,42.7,237.14,130.62,-44.9,Tier 4 — Low Priority / Avoid,General Watchlist,34.4,52.5,40.6
2026-07-16,STE,STERIS plc (Ireland),Healthcare,48.5,54.5,48.2,37.1,51.2,49.6,217.47,166.23,-23.6,Tier 4 — Low Priority / Avoid,General Watchlist,48.7,25.0,43.4
2026-07-16,SYK,Stryker Corporation,Healthcare,44.8,49.4,42.4,36.9,49.7,45.9,332.65,180.12,-45.9,Tier 4 — Low Priority / Avoid,General Watchlist,43.9,0.0,33.6
2026-07-16,SMCI,"Super Micro Computer, Inc.",Technology,33.4,33.8,50.2,15.5,28.4,33.9,25.43,36.38,43.1,Tier 4 — Low Priority / Avoid,Recovery Candidate,16.4,0.0,21.7
2026-07-16,SYF,Synchrony Financial,Financial Services,61.4,64.4,71.3,39.3,68.2,61.5,74.33,132.44,78.2,Tier 3 — Watchlist Only,Recovery Candidate,60.5,37.5,56.9
2026-07-16,SNPS,"Synopsys, Inc.",Technology,39.0,45.8,38.3,25.5,44.2,39.1,418.66,256.39,-38.8,Tier 4 — Low Priority / Avoid,General Watchlist,37.5,2.5,29.9
2026-07-16,SYY,Sysco Corporation,Consumer Defensive,32.6,26.5,34.0,44.5,25.6,34.6,82.45,55.75,-32.4,Tier 4 — Low Priority / Avoid,General Watchlist,20.8,0.0,20.2
2026-07-16,TMUS,"T-Mobile US, Inc.",Communication Services,42.7,40.3,52.0,35.5,40.3,44.3,192.06,211.56,10.2,Tier 4 — Low Priority / Avoid,Recovery Candidate,32.6,15.0,33.6
2026-07-16,TROW,"T. Rowe Price Group, Inc.",Financial Services,76.2,76.9,77.8,67.6,84.0,75.7,119.62,156.05,30.5,Tier 2 — Worth Researching,"Undervalued Opportunity, Healthy Business",81.7,75.0,78.1
2026-07-16,TTWO,"Take-Two Interactive Software, ",Communication Services,37.1,40.0,32.2,38.5,37.3,38.0,241.87,124.74,-48.4,Tier 4 — Low Priority / Avoid,General Watchlist,32.5,0.0,25.9
2026-07-16,TPR,"Tapestry, Inc.",Consumer Cyclical,58.7,62.9,58.5,53.3,59.0,57.5,144.94,139.78,-3.6,Tier 4 — Low Priority / Avoid,General Watchlist,49.7,30.0,48.6
2026-07-16,TRGP,"Targa Resources, Inc.",Energy,43.1,36.2,34.8,71.4,32.7,43.3,281.01,212.61,-24.3,Tier 4 — Low Priority / Avoid,General Watchlist,19.1,5.0,23.3
2026-07-16,TGT,Target Corporation,Consumer Defensive,37.8,27.2,34.9,66.4,25.0,38.6,141.3,100.35,-29.0,Tier 4 — Low Priority / Avoid,General Watchlist,27.9,17.5,27.9
2026-07-16,TEL,TE Connectivity plc,Technology,50.9,57.2,55.0,34.3,53.1,51.9,199.81,194.61,-2.6,Tier 4 — Low Priority / Avoid,General Watchlist,50.7,25.0,45.8
2026-07-16,TDY,Teledyne Technologies Incorpora,Technology,45.6,47.8,38.5,51.8,44.2,46.6,626.61,321.65,-48.7,Tier 4 — Low Priority / Avoid,General Watchlist,43.5,12.5,35.9
2026-07-16,TER,"Teradyne, Inc.",Technology,57.7,65.5,42.8,62.1,63.2,54.6,329.47,131.79,-60.0,Tier 4 — Low Priority / Avoid,General Watchlist,37.3,17.5,38.6
2026-07-16,TSLA,"Tesla, Inc.",Consumer Cyclical,26.4,31.0,18.6,29.7,26.7,25.5,392.43,156.97,-60.0,Tier 4 — Low Priority / Avoid,General Watchlist,12.2,5.0,15.2
2026-07-16,TXN,Texas Instruments Incorporated,Technology,58.0,62.1,40.8,73.2,59.7,56.0,289.65,115.86,-60.0,Tier 4 — Low Priority / Avoid,General Watchlist,44.1,52.5,49.3
2026-07-17,TPL,Texas Pacific Land Corporation,Energy,59.1,64.8,45.3,64.6,64.6,57.5,418.76,174.72,-58.3,Tier 4 — Low Priority / Avoid,General Watchlist,47.3,52.5,51.6
2026-07-17,TXT,Textron Inc.,Industrials,36.2,34.7,40.3,37.0,30.1,38.3,92.47,77.63,-16.0,Tier 4 — Low Priority / Avoid,General Watchlist,34.6,2.5,28.0
2026-07-17,TMO,Thermo Fisher Scientific Inc,Healthcare,40.0,41.0,35.5,44.5,39.0,40.7,533.34,274.42,-48.5,Tier 4 — Low Priority / Avoid,General Watchlist,36.4,0.0,28.3
2026-07-17,TJX,"TJX Companies, Inc. (The)",Consumer Cyclical,40.0,44.2,31.9,44.5,38.2,41.1,154.64,71.96,-53.5,Tier 4 — Low Priority / Avoid,General Watchlist,29.9,0.0,25.8
2026-07-17,TKO,"TKO Group Holdings, Inc.",Communication Services,42.5,50.3,38.7,36.8,40.1,43.5,185.24,106.34,-42.6,Tier 4 — Low Priority / Avoid,General Watchlist,39.5,2.5,31.8
2026-07-17,TTD,"The Trade Desk, Inc.",Communication Services,49.7,53.4,65.0,19.2,56.6,50.6,18.59,21.32,14.6,Tier 4 — Low Priority / Avoid,Recovery Candidate,58.5,37.5,52.5
2026-07-17,TSCO,Tractor Supply Company,Consumer Cyclical,24.1,21.0,30.3,22.5,20.8,25.8,31.1,24.91,-19.9,Tier 4 — Low Priority / Avoid,General Watchlist,8.2,0.0,13.4
2026-07-17,TT,Trane Technologies plc,Industrials,41.2,41.9,32.4,49.6,43.0,41.6,470.61,220.61,-53.1,Tier 4 — Low Priority / Avoid,General Watchlist,34.3,0.0,27.3
2026-07-17,TDG,Transdigm Group Incorporated,Industrials,46.7,56.2,38.4,36.1,55.9,46.6,1245.03,576.18,-53.7,Tier 4 — Low Priority / Avoid,General Watchlist,40.0,25.0,38.6
2026-07-17,TRV,"The Travelers Companies, Inc.",Financial Services,74.8,70.1,76.7,83.1,69.5,76.0,365.38,603.18,65.1,Tier 3 — Watchlist Only,"Undervalued Opportunity, Position Trade Candidate",74.7,75.0,74.8
2026-07-17,TRMB,Trimble Inc.,Technology,41.3,46.8,42.3,29.3,44.0,41.8,53.62,36.99,-31.0,Tier 4 — Low Priority / Avoid,General Watchlist,39.8,12.5,34.3
2026-07-17,TFC,Truist Financial Corporation,Financial Services,58.0,57.3,57.7,60.1,56.9,58.5,53.6,57.71,7.7,Tier 4 — Low Priority / Avoid,General Watchlist,55.3,37.5,51.9
2026-07-17,TYL,"Tyler Technologies, Inc.",Technology,44.4,51.0,43.4,29.6,52.2,44.8,316.92,229.73,-27.5,Tier 4 — Low Priority / Avoid,General Watchlist,50.1,25.0,42.1
2026-07-17,TSN,"Tyson Foods, Inc.",Consumer Defensive,34.1,33.3,35.7,37.9,26.2,36.7,58.21,49.2,-15.5,Tier 4 — Low Priority / Avoid,General Watchlist,30.9,0.0,25.0
2026-07-17,USB,U.S. Bancorp,Financial Services,59.1,55.7,50.7,76.8,56.5,58.8,64.3,53.61,-16.6,Tier 4 — Low Priority / Avoid,Position Trade Candidate,56.8,37.5,51.2
2026-07-17,UBER,"Uber Technologies, Inc.",Technology,42.7,47.1,45.3,28.1,48.5,43.6,71.94,72.54,0.8,Tier 4 — Low Priority / Avoid,General Watchlist,43.2,0.0,33.2
2026-07-17,UDR,"UDR, Inc.",Real Estate,54.3,59.0,45.6,55.3,58.3,54.3,40.49,28.71,-29.1,Tier 4 — Low Priority / Avoid,General Watchlist,42.2,15.0,39.4
2026-07-17,ULTA,"Ulta Beauty, Inc.",Consumer Cyclical,44.0,47.0,49.8,30.5,45.6,45.2,481.63,480.06,-0.3,Tier 4 — Low Priority / Avoid,General Watchlist,43.1,25.0,40.3
2026-07-17,UNP,Union Pacific Corporation,Industrials,53.2,51.4,40.1,72.9,52.6,52.9,301.73,120.69,-60.0,Tier 4 — Low Priority / Avoid,General Watchlist,38.4,27.5,39.4
2026-07-17,UAL,"United Airlines Holdings, Inc.",Industrials,29.7,24.3,31.9,41.0,21.4,30.0,116.83,52.02,-55.5,Tier 4 — Low Priority / Avoid,General Watchlist,5.0,0.0,13.5
2026-07-17,UPS,"United Parcel Service, Inc.",Industrials,35.7,28.3,36.9,49.8,29.1,36.8,117.2,76.94,-34.4,Tier 4 — Low Priority / Avoid,General Watchlist,26.3,15.0,26.8
2026-07-17,URI,"United Rentals, Inc.",Industrials,42.1,39.6,37.7,53.9,39.2,41.3,1069.35,668.65,-37.5,Tier 4 — Low Priority / Avoid,General Watchlist,21.5,5.0,24.6
2026-07-17,UNH,UnitedHealth Group Incorporated,Healthcare,39.8,30.3,33.7,69.4,29.1,40.4,425.26,290.86,-31.6,Tier 4 — Low Priority / Avoid,General Watchlist,38.3,27.5,34.4
2026-07-17,UHS,"Universal Health Services, Inc.",Healthcare,45.4,44.9,61.7,26.7,43.1,47.5,152.49,192.76,26.4,Tier 4 — Low Priority / Avoid,Recovery Candidate,44.0,12.5,39.4
2026-07-17,VLO,Valero Energy Corporation,Energy,48.1,40.4,40.8,76.7,37.2,48.9,304.39,191.66,-37.0,Tier 4 — Low Priority / Avoid,Position Trade Candidate,47.5,50.0,46.6
2026-07-17,VEEV,Veeva Systems Inc.,Healthcare,62.8,72.2,62.2,40.9,74.6,62.2,195.81,198.48,1.4,Tier 3 — Watchlist Only,General Watchlist,66.3,37.5,58.5
2026-07-17,VTR,"Ventas, Inc.",Real Estate,44.8,42.4,30.6,74.2,33.5,45.5,96.92,68.18,-29.7,Tier 4 — Low Priority / Avoid,General Watchlist,28.4,40.0,35.6
2026-07-17,VLTO,Veralto Corp,Industrials,49.4,55.5,44.7,40.6,56.5,50.0,94.82,59.27,-37.5,Tier 4 — Low Priority / Avoid,General Watchlist,46.0,0.0,35.9
2026-07-17,VRSN,"VeriSign, Inc.",Technology,52.9,59.5,44.0,47.9,61.4,52.7,273.46,166.66,-39.1,Tier 4 — Low Priority / Avoid,General Watchlist,44.6,2.5,36.7
2026-07-17,VRSK,"Verisk Analytics, Inc.",Industrials,49.3,54.9,45.6,38.5,58.8,49.2,200.88,120.73,-39.9,Tier 4 — Low Priority / Avoid,General Watchlist,38.3,2.5,33.7
2026-07-17,VZ,Verizon Communications Inc.,Communication Services,52.8,47.1,66.4,47.4,47.1,55.3,44.45,59.47,33.8,Tier 4 — Low Priority / Avoid,Recovery Candidate,41.1,15.0,41.1
2026-07-17,VRTX,Vertex Pharmaceuticals Incorpor,Healthcare,63.5,73.4,53.1,54.4,74.0,62.9,489.3,303.66,-37.9,Tier 3 — Watchlist Only,General Watchlist,63.1,25.0,53.1
2026-07-17,VRT,"Vertiv Holdings, LLC",Industrials,53.3,58.0,41.0,62.4,54.0,50.2,286.75,114.7,-60.0,Tier 4 — Low Priority / Avoid,General Watchlist,41.8,40.0,44.1
2026-07-17,VTRS,Viatris Inc.,Healthcare,54.2,41.9,62.9,72.8,38.6,55.7,17.56,27.72,57.9,Tier 4 — Low Priority / Avoid,General Watchlist,54.0,40.0,50.9
2026-07-17,VICI,VICI Properties Inc.,Real Estate,59.2,66.4,59.6,42.0,66.1,60.2,26.98,25.11,-6.9,Tier 4 — Low Priority / Avoid,General Watchlist,57.6,37.5,54.1
2026-07-17,V,Visa Inc.,Financial Services,64.9,74.7,55.4,55.8,73.8,64.5,358.04,275.28,-23.1,Tier 3 — Watchlist Only,General Watchlist,60.9,37.5,56.1
2026-07-17,VST,Vistra Corp.,Utilities,37.8,38.8,48.7,23.9,36.1,37.8,154.85,180.11,16.3,Tier 4 — Low Priority / Avoid,General Watchlist,11.0,7.5,22.6
2026-07-17,VMC,Vulcan Materials Company (Holdi,Basic Materials,36.2,39.9,28.9,40.6,34.3,37.0,293.95,118.3,-59.8,Tier 4 — Low Priority / Avoid,General Watchlist,21.7,0.0,21.5
2026-07-17,WRB,W.R. Berkley Corporation,Financial Services,63.5,65.5,67.0,54.3,64.9,64.9,71.82,84.96,18.3,Tier 3 — Watchlist Only,General Watchlist,65.5,50.0,61.8
2026-07-17,GWW,"W.W. Grainger, Inc.",Industrials,49.0,48.1,34.3,72.3,44.6,48.9,1410.17,564.07,-60.0,Tier 4 — Low Priority / Avoid,General Watchlist,35.3,40.0,39.6
2026-07-17,WAB,Westinghouse Air Brake Technolo,Industrials,40.8,40.0,33.8,54.3,35.2,41.8,265.03,161.93,-38.9,Tier 4 — Low Priority / Avoid,General Watchlist,28.3,0.0,25.2
2026-07-17,WMT,Walmart Inc.,Consumer Defensive,26.3,27.8,17.5,38.6,20.5,28.0,115.94,46.38,-60.0,Tier 4 — Low Priority / Avoid,General Watchlist,11.1,0.0,13.5
2026-07-17,DIS,Walt Disney Company (The),Communication Services,28.6,28.8,32.1,23.5,28.1,30.5,98.34,46.6,-52.6,Tier 4 — Low Priority / Avoid,General Watchlist,21.0,0.0,19.6
2026-07-17,WBD,"Warner Bros. Discovery, Inc. - ",Communication Services,43.7,39.5,50.0,46.0,38.2,44.1,27.24,42.7,56.7,Tier 4 — Low Priority / Avoid,General Watchlist,28.9,0.0,28.2
2026-07-17,WM,"Waste Management, Inc.",Industrials,37.2,36.4,30.3,49.6,33.4,38.3,242.73,100.66,-58.5,Tier 4 — Low Priority / Avoid,General Watchlist,22.8,0.0,21.9
2026-07-17,WAT,Waters Corporation,Healthcare,30.6,30.9,25.5,41.9,23.0,31.5,372.32,300.43,-19.3,Tier 4 — Low Priority / Avoid,General Watchlist,19.8,0.0,18.6
2026-07-17,WEC,"WEC Energy Group, Inc.",Utilities,36.6,34.8,32.4,47.9,30.9,38.5,115.28,69.86,-39.4,Tier 4 — Low Priority / Avoid,General Watchlist,14.7,0.0,19.3
2026-07-17,WFC,Wells Fargo & Company,Financial Services,61.0,63.6,58.8,57.2,64.3,61.0,89.23,91.04,2.0,Tier 3 — Watchlist Only,General Watchlist,58.4,37.5,54.1
2026-07-17,WELL,Welltower Inc.,Real Estate,52.1,53.8,30.9,82.5,43.8,51.9,245.67,98.27,-60.0,Tier 4 — Low Priority / Avoid,Position Trade Candidate,42.0,27.5,39.4
2026-07-17,WST,"West Pharmaceutical Services, I",Healthcare,55.1,58.4,34.1,78.8,53.1,52.8,364.77,145.91,-60.0,Tier 4 — Low Priority / Avoid,Position Trade Candidate,44.3,52.5,47.5
2026-07-17,WDC,Western Digital Corporation,Technology,65.1,70.5,53.6,70.1,69.0,62.0,461.59,300.78,-34.8,Tier 3 — Watchlist Only,General Watchlist,55.9,40.0,54.0
2026-07-17,WY,Weyerhaeuser Company,Real Estate,22.0,22.5,16.4,32.0,16.0,23.7,24.64,14.58,-40.9,Tier 4 — Low Priority / Avoid,General Watchlist,0.0,0.0,8.3
2026-07-17,WSM,"Williams-Sonoma, Inc.",Consumer Cyclical,45.1,44.9,38.6,52.8,46.3,44.5,230.09,102.85,-55.3,Tier 4 — Low Priority / Avoid,General Watchlist,44.2,25.0,38.7
2026-07-17,WMB,"Williams Companies, Inc. (The)",Energy,46.4,45.0,34.4,67.0,41.5,46.7,73.76,44.01,-40.3,Tier 4 — Low Priority / Avoid,General Watchlist,23.2,17.5,29.2
2026-07-17,WTW,Willis Towers Watson Public Lim,Financial Services,57.3,61.8,63.3,40.1,60.5,58.5,295.61,306.72,3.8,Tier 4 — Low Priority / Avoid,Recovery Candidate,55.3,27.5,50.7
2026-07-20,AXON,"Axon Enterprise, Inc.",Industrials,28.9,33.9,21.7,32.3,26.7,28.2,515.65,206.26,-60.0,Tier 4 — Low Priority / Avoid,General Watchlist,6.6,0.0,13.2
2026-07-20,BKR,Baker Hughes Company,Energy,53.9,55.1,51.2,55.4,53.5,54.2,55.9,46.72,-16.4,Tier 4 — Low Priority / Avoid,General Watchlist,56.7,37.5,50.5
2026-07-20,BALL,Ball Corporation,Consumer Cyclical,34.1,30.7,35.1,45.3,23.1,35.6,62.41,58.1,-6.9,Tier 4 — Low Priority / Avoid,General Watchlist,13.8,0.0,18.5
2026-07-20,BAC,Bank of America Corporation,Financial Services,64.4,63.8,65.6,66.8,60.4,64.5,60.87,77.94,28.1,Tier 3 — Watchlist Only,General Watchlist,61.3,62.5,63.0
2026-07-20,BAX,Baxter International Inc.,Healthcare,35.1,30.8,37.7,42.1,29.3,36.0,22.21,18.6,-16.3,Tier 4 — Low Priority / Avoid,General Watchlist,26.6,0.0,23.4
2026-07-20,BDX,"Becton, Dickinson and Company",Healthcare,47.5,46.3,53.8,42.9,44.5,49.4,155.84,164.64,5.6,Tier 4 — Low Priority / Avoid,Recovery Candidate,38.1,15.0,37.2
2026-07-20,BRK-B,Berkshire Hathaway Inc. New,Financial Services,59.6,64.9,57.5,50.4,64.4,60.9,490.38,462.58,-5.7,Tier 4 — Low Priority / Avoid,General Watchlist,63.1,37.5,55.7
2026-07-20,BBY,"Best Buy Co., Inc.",Consumer Cyclical,45.6,38.6,45.3,63.7,35.7,45.6,84.57,72.69,-14.0,Tier 4 — Low Priority / Avoid,General Watchlist,41.3,17.5,36.3
2026-07-20,TECH,Bio-Techne Corp,Healthcare,54.5,59.5,42.8,58.9,59.5,53.0,71.64,41.12,-42.6,Tier 4 — Low Priority / Avoid,General Watchlist,52.8,50.0,51.3
2026-07-20,BIIB,Biogen Inc.,Healthcare,64.5,65.5,58.5,70.4,64.7,64.0,203.53,167.22,-17.8,Tier 3 — Watchlist Only,General Watchlist,67.6,62.5,64.2
2026-07-20,BLK,"BlackRock, Inc.",Financial Services,59.9,68.0,62.7,38.9,66.9,60.2,1066.4,1208.99,13.4,Tier 4 — Low Priority / Avoid,General Watchlist,57.8,25.0,51.7
2026-07-20,BX,Blackstone Inc.,Financial Services,47.3,53.4,48.9,27.5,58.7,46.9,123.94,91.42,-26.2,Tier 4 — Low Priority / Avoid,General Watchlist,46.3,2.5,36.5
2026-07-20,XYZ,"Block, Inc.",Technology,30.3,26.1,27.6,45.0,23.8,30.0,80.15,54.39,-32.1,Tier 4 — Low Priority / Avoid,General Watchlist,17.4,5.0,18.6
2026-07-20,BNY,The Bank of New York Mellon Cor,Financial Services,64.7,62.8,57.7,79.3,60.7,64.5,157.62,166.1,5.4,Tier 3 — Watchlist Only,Position Trade Candidate,60.3,50.0,58.2
2026-07-20,BA,Boeing Company (The),Industrials,25.9,29.4,21.2,25.6,26.8,26.2,209.66,83.87,-60.0,Tier 4 — Low Priority / Avoid,General Watchlist,4.3,0.0,11.6
2026-07-20,BKNG,Booking Holdings Inc. Common St,Consumer Cyclical,61.5,67.8,71.6,35.1,66.8,62.0,179.43,235.37,31.2,Tier 3 — Watchlist Only,Recovery Candidate,62.1,37.5,57.9
2026-07-20,BSX,Boston Scientific Corporation,Healthcare,52.8,56.8,65.3,28.8,55.2,54.3,44.15,75.38,70.7,Tier 4 — Low Priority / Avoid,Recovery Candidate,52.7,25.0,48.3
2026-07-20,BMY,Bristol-Myers Squibb Company,Healthcare,64.4,62.7,69.3,59.6,65.8,64.8,60.91,70.32,15.4,Tier 3 — Watchlist Only,General Watchlist,55.2,52.5,58.8
2026-07-20,AVGO,Broadcom Inc.,Technology,63.5,74.2,54.7,52.9,72.9,61.1,379.91,281.99,-25.8,Tier 3 — Watchlist Only,General Watchlist,55.5,40.0,54.2
2026-07-20,BR,"Broadridge Financial Solutions,",Technology,51.3,52.4,64.0,31.0,53.9,52.7,148.96,202.45,35.9,Tier 4 — Low Priority / Avoid,Recovery Candidate,41.0,2.5,37.7
2026-07-20,BRO,"Brown & Brown, Inc.",Financial Services,57.4,61.0,64.6,38.8,62.5,58.2,69.11,81.6,18.1,Tier 4 — Low Priority / Avoid,General Watchlist,48.8,27.5,48.5
2026-07-20,BF-B,Brown Forman Inc,Consumer Defensive,49.4,52.4,54.3,32.8,57.1,50.2,26.02,27.48,5.6,Tier 4 — Low Priority / Avoid,General Watchlist,51.9,12.5,42.2
2026-07-20,BLDR,"Builders FirstSource, Inc.",Industrials,25.7,24.4,36.0,15.3,24.3,26.9,73.1,49.76,-31.9,Tier 4 — Low Priority / Avoid,General Watchlist,13.3,0.0,16.5
2026-07-20,BG,Bunge Limited,Consumer Defensive,32.9,24.8,32.3,57.0,16.6,34.8,119.82,104.8,-12.5,Tier 4 — Low Priority / Avoid,General Watchlist,14.5,5.0,18.9
2026-07-20,BXP,"BXP, Inc.",Real Estate,45.0,48.7,40.0,44.9,46.4,44.5,68.84,44.36,-35.6,Tier 4 — Low Priority / Avoid,General Watchlist,35.0,15.0,33.5
2026-07-20,CHRW,"C.H. Robinson Worldwide, Inc.",Industrials,36.9,32.8,22.5,65.3,30.8,37.2,208.12,83.25,-60.0,Tier 4 — Low Priority / Avoid,General Watchlist,23.2,15.0,24.1
2026-07-20,CDNS,"Cadence Design Systems, Inc.",Technology,53.9,66.5,40.5,43.9,65.3,52.5,330.51,147.84,-55.3,Tier 4 — Low Priority / Avoid,General Watchlist,48.7,25.0,43.9
2026-07-20,CPT,Camden Property Trust,Real Estate,44.7,47.7,37.1,46.3,48.7,45.5,112.83,67.69,-40.0,Tier 4 — Low Priority / Avoid,General Watchlist,28.8,2.5,27.9
2026-07-20,COF,Capital One Financial Corporati,Financial Services,45.4,49.5,50.0,31.8,47.1,46.2,209.31,200.43,-4.2,Tier 4 — Low Priority / Avoid,General Watchlist,45.7,0.0,35.4
2026-07-20,CAH,"Cardinal Health, Inc.",Healthcare,41.4,35.5,42.5,53.8,33.6,43.4,227.07,219.68,-3.3,Tier 4 — Low Priority / Avoid,General Watchlist,39.7,2.5,31.0
2026-07-20,CCL,Carnival Corporation Ltd.,Consumer Cyclical,32.9,31.0,47.6,16.4,33.5,33.5,26.14,27.73,6.1,Tier 4 — Low Priority / Avoid,Recovery Candidate,16.8,0.0,21.1
2026-07-20,CARR,Carrier Global Corporation,Industrials,22.4,16.6,18.5,40.8,14.8,23.6,67.8,36.13,-46.7,Tier 4 — Low Priority / Avoid,General Watchlist,6.4,0.0,10.2
2026-07-20,CVNA,Carvana Co.,Consumer Cyclical,27.6,34.3,26.8,17.2,30.2,26.7,64.61,25.84,-60.0,Tier 4 — Low Priority / Avoid,General Watchlist,9.5,0.0,14.8
2026-07-20,CASY,"Caseys General Stores, Inc.",Consumer Cyclical,37.7,34.9,21.0,72.1,24.8,38.3,867.31,478.1,-44.9,Tier 4 — Low Priority / Avoid,General Watchlist,20.8,17.5,24.0
2026-07-20,CAT,"Caterpillar, Inc.",Industrials,46.4,47.5,34.5,64.3,41.1,44.8,869.62,589.68,-32.2,Tier 4 — Low Priority / Avoid,General Watchlist,18.6,0.0,23.2
2026-07-20,CBOE,"Cboe Global Markets, Inc.",Financial Services,61.2,68.8,57.1,49.7,68.1,61.2,276.13,280.8,1.7,Tier 3 — Watchlist Only,General Watchlist,60.9,50.0,58.4
2026-07-20,CBRE,CBRE Group Inc,Real Estate,31.5,33.1,31.6,32.7,25.7,32.7,139.34,124.34,-10.8,Tier 4 — Low Priority / Avoid,General Watchlist,13.7,5.0,19.0
2026-07-20,CDW,CDW Corporation,Technology,33.9,32.7,41.1,27.2,32.9,34.7,130.28,114.94,-11.8,Tier 4 — Low Priority / Avoid,Recovery Candidate,15.4,0.0,20.0
2026-07-20,COR,"Cencora, Inc.",Healthcare,32.0,27.1,43.2,32.4,21.1,34.6,305.21,472.98,55.0,Tier 4 — Low Priority / Avoid,General Watchlist,10.5,0.0,18.1
2026-07-20,CNC,Centene Corporation,Healthcare,55.9,47.1,62.9,67.0,46.7,56.2,66.38,119.27,79.7,Tier 4 — Low Priority / Avoid,General Watchlist,48.6,40.0,49.6
2026-07-20,CNP,"CenterPoint Energy, Inc (Holdin",Utilities,31.0,26.6,27.3,47.1,23.2,33.0,43.09,30.28,-29.7,Tier 4 — Low Priority / Avoid,General Watchlist,10.1,0.0,15.2
2026-07-20,CF,"CF Industries Holdings, Inc.",Basic Materials,75.0,76.0,74.9,74.7,73.7,74.9,124.85,191.83,53.6,Tier 2 — Worth Researching,General Watchlist,73.8,75.0,74.6
2026-07-20,CRL,Charles River Laboratories Inte,Healthcare,41.3,37.1,42.6,49.6,36.4,41.1,218.18,170.54,-21.8,Tier 4 — Low Priority / Avoid,General Watchlist,23.0,0.0,24.3
2026-07-20,SCHW,Charles Schwab Corporation (The,Financial Services,63.7,68.0,65.4,52.7,66.9,64.3,101.38,122.18,20.5,Tier 3 — Watchlist Only,General Watchlist,59.3,37.5,56.4
2026-07-20,CHTR,"Charter Communications, Inc.",Communication Services,41.6,39.3,60.2,20.9,41.8,43.2,129.35,274.9,112.5,Tier 4 — Low Priority / Avoid,Recovery Candidate,23.3,0.0,27.6
2026-07-20,CVX,Chevron Corporation,Energy,35.3,27.9,33.7,55.4,24.5,37.9,189.36,135.42,-28.5,Tier 4 — Low Priority / Avoid,General Watchlist,33.3,2.5,25.8
2026-07-20,CMG,"Chipotle Mexican Grill, Inc.",Consumer Cyclical,32.0,35.2,33.5,21.0,37.7,32.2,33.02,19.61,-40.6,Tier 4 — Low Priority / Avoid,General Watchlist,15.1,0.0,18.7
2026-07-20,CB,Chubb Limited,Financial Services,65.2,64.6,64.6,69.0,61.1,66.4,353.65,395.92,12.0,Tier 3 — Watchlist Only,General Watchlist,65.2,75.0,67.7
2026-07-20,CHD,"Church & Dwight Company, Inc.",Consumer Defensive,46.9,49.6,41.1,45.8,51.8,47.9,97.75,61.52,-37.1,Tier 4 — Low Priority / Avoid,General Watchlist,46.2,12.5,37.6
2026-07-20,CIEN,Ciena Corporation,Technology,49.4,53.7,37.4,60.7,47.1,47.7,384.0,153.6,-60.0,Tier 4 — Low Priority / Avoid,General Watchlist,38.0,27.5,38.3
2026-07-20,CI,The Cigna Group,Healthcare,48.4,44.5,63.7,38.8,41.6,51.1,284.88,402.25,41.2,Tier 4 — Low Priority / Avoid,Recovery Candidate,44.7,2.5,37.9
2026-07-20,CINF,Cincinnati Financial Corporatio,Financial Services,64.6,63.0,71.2,59.9,62.1,66.4,181.97,244.72,34.5,Tier 3 — Watchlist Only,General Watchlist,66.5,37.5,59.6
2026-07-20,CTAS,Cintas Corporation,Industrials,44.9,51.5,32.5,45.8,50.9,44.9,201.0,87.57,-56.4,Tier 4 — Low Priority / Avoid,General Watchlist,35.0,0.0,29.0
2026-07-20,CSCO,"Cisco Systems, Inc.",Technology,58.1,59.8,43.3,75.6,56.2,57.5,111.89,80.15,-28.4,Tier 4 — Low Priority / Avoid,Position Trade Candidate,52.7,37.5,48.9
2026-07-20,C,"Citigroup, Inc.",Financial Services,61.8,60.7,65.3,61.9,58.1,62.1,130.31,167.04,28.2,Tier 3 — Watchlist Only,Recovery Candidate,61.4,62.5,62.3
2026-07-21,CFG,"Citizens Financial Group, Inc.",Financial Services,59.5,59.9,53.4,68.9,56.8,59.1,71.54,60.7,-15.2,Tier 4 — Low Priority / Avoid,General Watchlist,55.6,50.0,54.8
2026-07-21,CLX,Clorox Company (The),Consumer Defensive,27.8,27.3,29.6,25.4,28.0,29.1,95.53,77.27,-19.1,Tier 4 — Low Priority / Avoid,General Watchlist,8.2,0.0,14.4
2026-07-21,CME,CME Group Inc.,Financial Services,57.0,68.4,52.8,36.6,67.8,57.3,240.42,210.96,-12.3,Tier 4 — Low Priority / Avoid,General Watchlist,56.5,25.0,49.4
2026-07-21,CMS,CMS Energy Corporation,Utilities,30.2,28.7,29.1,37.9,23.4,32.5,71.92,59.35,-17.5,Tier 4 — Low Priority / Avoid,General Watchlist,9.3,0.0,15.4
2026-07-21,KO,Coca-Cola Company (The),Consumer Defensive,51.5,55.0,38.1,61.9,53.2,51.7,82.01,58.34,-28.9,Tier 4 — Low Priority / Avoid,General Watchlist,33.6,17.5,35.1
2026-07-21,CTSH,Cognizant Technology Solutions ,Technology,54.9,56.3,73.6,24.3,60.2,56.8,44.2,74.25,68.0,Tier 4 — Low Priority / Avoid,Recovery Candidate,60.8,37.5,55.8
2026-07-21,COHR,Coherent Corp.,Technology,36.3,34.1,26.9,57.8,28.8,34.8,312.44,219.15,-29.9,Tier 4 — Low Priority / Avoid,General Watchlist,19.6,30.0,27.0
2026-07-21,COIN,"Coinbase Global, Inc.",Financial Services,42.4,49.7,42.0,22.9,55.3,40.8,178.31,99.37,-44.3,Tier 4 — Low Priority / Avoid,General Watchlist,43.6,15.0,36.4
2026-07-21,CL,Colgate-Palmolive Company,Consumer Defensive,44.5,45.5,43.1,43.0,46.6,45.3,90.33,81.06,-10.3,Tier 4 — Low Priority / Avoid,General Watchlist,33.2,0.0,29.4
2026-07-21,CMCSA,Comcast Corporation,Communication Services,39.7,37.1,50.8,28.9,39.0,42.0,23.8,41.49,74.4,Tier 4 — Low Priority / Avoid,General Watchlist,29.8,2.5,28.7
2026-07-21,FIX,"Comfort Systems USA, Inc.",Industrials,44.3,43.7,33.1,61.7,42.1,42.8,1764.06,956.14,-45.8,Tier 4 — Low Priority / Avoid,General Watchlist,30.1,2.5,26.9
2026-07-21,COP,ConocoPhillips,Energy,46.2,40.7,45.9,57.5,41.4,47.9,116.62,93.57,-19.8,Tier 4 — Low Priority / Avoid,General Watchlist,46.0,25.0,40.5
2026-07-21,ED,"Consolidated Edison, Inc.",Utilities,36.7,35.6,33.4,45.2,31.7,38.6,109.56,91.56,-16.4,Tier 4 — Low Priority / Avoid,General Watchlist,15.7,0.0,19.9
2026-07-21,STZ,"Constellation Brands, Inc.",Consumer Defensive,60.1,65.2,72.5,30.1,68.7,61.0,132.12,181.14,37.1,Tier 3 — Watchlist Only,Recovery Candidate,52.1,27.5,51.7
2026-07-21,CEG,Constellation Energy Corporatio,Utilities,34.9,40.6,35.0,26.9,34.1,34.8,260.87,230.58,-11.6,Tier 4 — Low Priority / Avoid,General Watchlist,16.7,0.0,20.4
2026-07-21,COO,"The Cooper Companies, Inc.",Healthcare,32.1,32.2,33.5,32.6,27.8,33.7,71.27,53.36,-25.1,Tier 4 — Low Priority / Avoid,General Watchlist,30.6,0.0,24.0
2026-07-21,CPRT,"Copart, Inc.",Industrials,54.6,64.7,56.6,24.4,71.2,54.6,27.05,25.32,-6.4,Tier 4 — Low Priority / Avoid,General Watchlist,60.8,25.0,50.7
2026-07-21,GLW,Corning Incorporated,Technology,40.5,40.3,26.6,64.8,32.0,39.5,161.78,102.78,-36.5,Tier 4 — Low Priority / Avoid,General Watchlist,26.1,27.5,30.0
2026-07-21,CPAY,"Corpay, Inc.",Technology,72.7,75.4,79.1,59.6,74.6,72.2,363.93,470.37,29.2,Tier 3 — Watchlist Only,"Undervalued Opportunity, Recovery Candidate",61.0,52.5,64.7
2026-07-21,CTVA,"Corteva, Inc.",Basic Materials,53.1,53.1,45.3,64.3,50.6,54.0,87.16,76.0,-12.8,Tier 4 — Low Priority / Avoid,General Watchlist,52.4,37.5,47.9
2026-07-21,CSGP,"CoStar Group, Inc.",Real Estate,33.8,39.9,34.4,22.7,34.5,34.8,28.98,11.59,-60.0,Tier 4 — Low Priority / Avoid,General Watchlist,31.2,2.5,25.9
2026-07-21,COST,Costco Wholesale Corporation,Consumer Defensive,33.5,40.8,22.3,37.2,31.9,34.4,928.65,463.63,-50.1,Tier 4 — Low Priority / Avoid,General Watchlist,21.5,27.5,27.0
2026-07-21,CRH,CRH PLC,Basic Materials,27.8,28.4,30.9,25.0,23.9,29.7,99.34,65.24,-34.3,Tier 4 — Low Priority / Avoid,General Watchlist,20.5,0.0,19.1
2026-07-21,CRWD,"CrowdStrike Holdings, Inc.",Technology,51.9,53.3,35.8,73.9,47.8,50.5,191.81,76.72,-60.0,Tier 4 — Low Priority / Avoid,General Watchlist,49.9,50.0,48.2
2026-07-21,CCI,Crown Castle Inc.,Real Estate,42.7,48.8,40.6,29.9,51.0,43.3,77.55,59.08,-23.8,Tier 4 — Low Priority / Avoid,General Watchlist,31.7,0.0,28.6
2026-07-21,CSX,CSX Corporation,Industrials,50.5,48.5,37.7,72.6,46.7,49.9,49.71,30.14,-39.4,Tier 4 — Low Priority / Avoid,General Watchlist,34.6,17.5,34.5
2026-07-21,CMI,Cummins Inc.,Industrials,34.8,30.2,29.6,52.3,28.8,35.8,656.47,372.71,-43.2,Tier 4 — Low Priority / Avoid,General Watchlist,27.8,2.5,23.2
2026-07-21,CVS,CVS Health Corporation,Healthcare,37.7,28.4,31.9,71.3,20.2,38.9,108.81,100.8,-7.4,Tier 4 — Low Priority / Avoid,General Watchlist,15.8,5.0,20.2
2026-07-21,DHR,Danaher Corporation,Healthcare,45.6,49.8,44.0,37.4,50.4,46.3,174.34,143.86,-17.5,Tier 4 — Low Priority / Avoid,General Watchlist,48.2,25.0,41.6
2026-07-21,DRI,"Darden Restaurants, Inc.",Consumer Cyclical,39.9,42.9,43.5,32.0,37.5,41.2,193.22,169.27,-12.4,Tier 4 — Low Priority / Avoid,General Watchlist,26.6,2.5,26.9
2026-07-21,DDOG,"Datadog, Inc.",Technology,55.8,57.9,39.2,78.0,51.2,53.3,258.01,103.2,-60.0,Tier 4 — Low Priority / Avoid,Position Trade Candidate,47.1,52.5,49.3
2026-07-21,DVA,DaVita Inc.,Healthcare,49.7,43.3,48.4,69.2,38.9,49.7,235.47,164.77,-30.0,Tier 4 — Low Priority / Avoid,General Watchlist,36.4,40.0,41.8
2026-07-21,DECK,Deckers Outdoor Corporation,Consumer Cyclical,57.4,60.0,67.9,34.2,65.6,57.7,103.47,122.44,18.3,Tier 4 — Low Priority / Avoid,Recovery Candidate,64.6,50.0,60.0
2026-07-21,DE,Deere & Company,Industrials,28.1,24.0,23.4,42.9,23.7,29.4,586.75,363.2,-38.1,Tier 4 — Low Priority / Avoid,General Watchlist,10.6,0.0,14.0
2026-07-21,DELL,Dell Technologies Inc.,Technology,43.2,37.1,36.2,72.6,28.3,42.1,403.79,228.33,-43.5,Tier 4 — Low Priority / Avoid,General Watchlist,25.1,20.0,29.2
2026-07-21,DAL,"Delta Air Lines, Inc.",Industrials,43.9,31.6,54.7,60.4,27.6,45.3,84.51,125.59,48.6,Tier 4 — Low Priority / Avoid,General Watchlist,33.6,27.5,36.8
2026-07-21,DVN,Devon Energy Corporation,Energy,40.0,33.5,40.9,53.0,33.1,41.6,43.92,33.26,-24.3,Tier 4 — Low Priority / Avoid,General Watchlist,40.8,25.0,36.3
2026-07-21,DXCM,"DexCom, Inc.",Healthcare,58.7,68.6,55.6,41.2,68.8,57.0,74.74,59.8,-20.0,Tier 4 — Low Priority / Avoid,General Watchlist,52.6,27.5,49.0
2026-07-21,FANG,"Diamondback Energy, Inc.",Energy,35.4,28.0,28.6,62.9,24.1,36.7,198.51,92.14,-53.6,Tier 4 — Low Priority / Avoid,General Watchlist,35.2,25.0,31.2
2026-07-21,DLR,"Digital Realty Trust, Inc.",Real Estate,49.8,58.2,39.1,47.2,54.5,49.3,179.57,128.0,-28.7,Tier 4 — Low Priority / Avoid,General Watchlist,36.0,15.0,35.4
2026-07-21,DG,Dollar General Corporation,Consumer Defensive,33.0,29.9,39.2,33.5,27.2,34.5,123.42,105.27,-14.7,Tier 4 — Low Priority / Avoid,General Watchlist,22.4,2.5,22.5
2026-07-21,DLTR,"Dollar Tree, Inc.",Consumer Defensive,38.4,36.3,42.9,38.2,34.9,39.2,126.17,88.03,-30.2,Tier 4 — Low Priority / Avoid,General Watchlist,26.7,2.5,25.9
2026-07-21,D,"Dominion Energy, Inc.",Utilities,38.5,35.0,32.2,57.5,29.8,39.9,70.14,54.4,-22.4,Tier 4 — Low Priority / Avoid,General Watchlist,15.9,0.0,19.9
2026-07-21,DPZ,Domino's Pizza Inc,Consumer Cyclical,38.0,37.8,41.1,33.9,38.5,38.9,331.12,300.48,-9.3,Tier 4 — Low Priority / Avoid,General Watchlist,29.0,2.5,26.6
2026-07-21,DASH,"DoorDash, Inc.",Consumer Cyclical,37.0,43.1,31.7,30.8,42.4,36.3,186.33,74.74,-59.9,Tier 4 — Low Priority / Avoid,General Watchlist,29.4,15.0,28.6
2026-07-21,DOV,Dover Corporation,Industrials,42.3,44.6,40.3,40.5,43.2,43.4,211.47,130.5,-38.3,Tier 4 — Low Priority / Avoid,General Watchlist,42.6,12.5,35.0
2026-07-21,DOW,Dow Inc.,Basic Materials,21.2,14.4,19.9,40.6,10.1,22.7,31.0,24.51,-20.9,Tier 4 — Low Priority / Avoid,General Watchlist,4.9,0.0,9.5
2026-07-21,DHI,"D.R. Horton, Inc.",Consumer Cyclical,40.7,39.0,49.8,29.9,42.4,42.3,144.49,136.77,-5.3,Tier 4 — Low Priority / Avoid,Recovery Candidate,46.0,37.5,43.2
2026-07-21,DTE,DTE Energy Company,Utilities,24.9,19.6,25.3,39.4,13.3,27.6,144.03,103.08,-28.4,Tier 4 — Low Priority / Avoid,General Watchlist,4.9,0.0,11.6
2026-07-21,DUK,Duke Energy Corporation (Holdin,Utilities,36.8,34.9,33.9,47.0,30.2,38.7,124.78,104.05,-16.6,Tier 4 — Low Priority / Avoid,General Watchlist,15.2,0.0,19.7
2026-07-21,DD,"DuPont de Nemours, Inc.",Basic Materials,34.0,31.2,30.0,48.5,26.2,35.2,138.26,95.58,-30.9,Tier 4 — Low Priority / Avoid,General Watchlist,27.2,15.0,26.2
2026-07-21,ETN,"Eaton Corporation, PLC",Industrials,34.8,34.4,24.8,49.9,32.4,34.8,405.6,198.66,-51.0,Tier 4 — Low Priority / Avoid,General Watchlist,19.4,0.0,19.2
2026-07-21,EBAY,eBay Inc.,Consumer Cyclical,52.9,52.3,44.3,66.4,50.7,52.2,112.67,83.26,-26.1,Tier 4 — Low Priority / Avoid,General Watchlist,49.8,50.0,49.6
2026-07-21,ECHO,EchoStar Corporation,Communication Services,19.9,13.6,22.5,32.9,10.4,20.7,94.86,73.59,-22.4,Tier 4 — Low Priority / Avoid,General Watchlist,0.0,0.0,7.8
2026-07-21,ECL,Ecolab Inc.,Basic Materials,35.2,39.6,29.6,33.9,36.9,36.5,265.86,139.9,-47.4,Tier 4 — Low Priority / Avoid,General Watchlist,18.4,0.0,20.3
2026-07-22,EIX,Edison International,Utilities,45.1,33.6,46.7,68.6,33.2,46.1,79.8,116.01,45.4,Tier 4 — Low Priority / Avoid,General Watchlist,21.3,5.0,26.0
2026-07-22,EW,Edwards Lifesciences Corporatio,Healthcare,51.5,60.9,42.0,42.3,60.6,51.2,84.48,49.05,-41.9,Tier 4 — Low Priority / Avoid,General Watchlist,47.5,12.5,39.8
2026-07-22,EA,Electronic Arts Inc.,Communication Services,60.0,67.7,53.6,53.3,64.1,60.1,208.96,199.5,-4.5,Tier 3 — Watchlist Only,General Watchlist,61.3,37.5,54.7
2026-07-22,ELV,"Elevance Health, Inc.",Healthcare,40.7,34.7,43.3,50.1,34.9,42.1,392.56,314.25,-19.9,Tier 4 — Low Priority / Avoid,General Watchlist,42.6,25.0,37.4
2026-07-22,EME,"EMCOR Group, Inc.",Industrials,48.6,51.8,45.0,50.2,46.3,48.7,756.06,636.94,-15.8,Tier 4 — Low Priority / Avoid,General Watchlist,43.4,27.5,41.3
2026-07-22,EMR,Emerson Electric Company,Industrials,46.4,51.9,45.3,35.8,51.1,46.8,139.39,91.23,-34.5,Tier 4 — Low Priority / Avoid,General Watchlist,36.2,0.0,31.7
2026-07-22,ETR,Entergy Corporation,Utilities,34.5,28.7,28.9,57.2,23.8,36.2,114.52,77.27,-32.5,Tier 4 — Low Priority / Avoid,General Watchlist,13.2,0.0,17.3
2026-07-22,EOG,"EOG Resources, Inc.",Energy,70.4,69.2,72.5,72.2,66.4,71.3,145.31,215.26,48.1,Tier 3 — Watchlist Only,General Watchlist,68.2,87.5,74.2
2026-07-22,EQT,EQT Corporation,Energy,52.1,52.1,62.5,35.6,55.6,53.6,53.06,61.75,16.4,Tier 4 — Low Priority / Avoid,Recovery Candidate,55.5,37.5,51.4
2026-07-22,EFX,"Equifax, Inc.",Industrials,46.7,49.1,52.2,37.1,45.7,46.9,169.29,183.34,8.3,Tier 4 — Low Priority / Avoid,General Watchlist,38.5,15.0,37.0
2026-07-22,EQIX,"Equinix, Inc.",Real Estate,44.6,47.5,29.6,60.6,42.6,44.0,1033.03,473.96,-54.1,Tier 4 — Low Priority / Avoid,General Watchlist,28.1,15.0,29.4
2026-07-22,EQR,Equity Residential,Real Estate,48.1,50.0,39.6,52.2,52.6,48.8,68.09,53.87,-20.9,Tier 4 — Low Priority / Avoid,General Watchlist,37.4,2.5,32.0
2026-07-22,ERIE,Erie Indemnity Company,Financial Services,44.8,49.3,49.1,26.9,51.8,45.9,212.56,225.05,5.9,Tier 4 — Low Priority / Avoid,General Watchlist,49.3,25.0,42.7
2026-07-22,ESS,"Essex Property Trust, Inc.",Real Estate,49.8,52.3,38.9,55.6,55.1,50.0,293.02,247.49,-15.5,Tier 4 — Low Priority / Avoid,General Watchlist,32.4,2.5,30.5
2026-07-22,EL,"Estee Lauder Companies, Inc. (T",Consumer Defensive,34.4,34.4,41.8,22.6,37.3,34.6,82.24,80.99,-1.5,Tier 4 — Low Priority / Avoid,General Watchlist,19.4,0.0,21.7
2026-07-22,EG,"Everest Group, Ltd.",Financial Services,65.8,63.6,75.4,57.5,63.9,67.7,374.13,883.8,136.2,Tier 3 — Watchlist Only,Undervalued Opportunity,63.9,25.0,56.4
2026-07-22,EVRG,"Evergy, Inc.",Utilities,38.1,33.7,32.4,58.2,28.5,40.0,86.06,62.57,-27.3,Tier 4 — Low Priority / Avoid,General Watchlist,16.0,0.0,19.8
2026-07-22,ES,Eversource Energy (D/B/A),Utilities,36.2,34.5,33.1,46.3,30.6,37.7,74.09,65.33,-11.8,Tier 4 — Low Priority / Avoid,General Watchlist,20.8,0.0,21.3
2026-07-22,EXC,Exelon Corporation,Utilities,31.4,27.8,30.8,41.4,24.4,33.7,46.44,40.51,-12.8,Tier 4 — Low Priority / Avoid,General Watchlist,10.9,0.0,16.3
2026-07-22,EXE,Expand Energy Corporation,Energy,64.9,71.0,75.9,37.3,70.1,66.3,91.7,179.03,95.2,Tier 3 — Watchlist Only,"Undervalued Opportunity, Recovery Candidate",65.2,62.5,66.9
2026-07-22,EXPE,"Expedia Group, Inc.",Consumer Cyclical,57.8,56.6,72.6,42.8,55.5,58.2,264.15,414.24,56.8,Tier 4 — Low Priority / Avoid,Recovery Candidate,51.2,15.0,47.0
2026-07-22,EXPD,Expeditors International of Was,Industrials,49.8,50.5,39.0,62.5,49.0,50.0,177.48,92.23,-48.0,Tier 4 — Low Priority / Avoid,General Watchlist,50.1,37.5,45.3
2026-07-22,EXR,Extra Space Storage Inc,Real Estate,43.8,48.2,37.5,39.2,51.3,43.9,145.0,93.0,-35.9,Tier 4 — Low Priority / Avoid,General Watchlist,28.3,2.5,27.6
2026-07-22,XOM,ExxonMobil Holdings Corporation,Energy,34.8,25.6,30.1,63.4,21.5,37.3,154.62,99.92,-35.4,Tier 4 — Low Priority / Avoid,General Watchlist,27.3,27.5,29.1
2026-07-22,FFIV,"F5, Inc.",Technology,61.6,63.9,50.8,69.0,65.4,60.8,404.25,318.09,-21.3,Tier 3 — Watchlist Only,General Watchlist,63.4,50.0,57.8
2026-07-22,FDS,FactSet Research Systems Inc.,Financial Services,58.2,59.3,67.2,40.2,64.8,59.0,247.54,284.02,14.7,Tier 4 — Low Priority / Avoid,Recovery Candidate,59.8,27.5,52.7
2026-07-22,FICO,Fair Isaac Corporation,Technology,57.5,68.4,51.9,41.5,67.7,55.4,1217.43,973.41,-20.0,Tier 4 — Low Priority / Avoid,General Watchlist,47.7,27.5,46.5
2026-07-22,FAST,Fastenal Company,Industrials,48.7,56.4,35.3,49.3,54.7,48.9,45.05,22.52,-50.0,Tier 4 — Low Priority / Avoid,General Watchlist,44.3,25.0,40.0
2026-07-22,FRT,Federal Realty Investment Trust,Real Estate,56.5,60.1,43.0,68.0,57.3,55.8,125.22,106.97,-14.6,Tier 4 — Low Priority / Avoid,General Watchlist,37.9,40.0,44.1
2026-07-22,FDX,FedEx Corporation,Industrials,46.6,38.7,47.7,64.1,37.1,47.3,319.36,263.66,-17.4,Tier 4 — Low Priority / Avoid,General Watchlist,48.1,50.0,47.5
2026-07-22,FDXF,"FedEx Freight Holding Company, ",Industrials,34.4,31.2,33.8,42.4,30.2,35.6,151.44,63.84,-57.8,Tier 4 — Low Priority / Avoid,General Watchlist,24.9,0.0,22.2
2026-07-22,FIS,Fidelity National Information S,Technology,55.8,58.9,73.7,28.6,55.3,57.2,40.94,87.3,113.2,Tier 4 — Low Priority / Avoid,Recovery Candidate,45.6,27.5,48.4
2026-07-22,FITB,Fifth Third Bancorp,Financial Services,50.1,49.4,46.3,58.0,47.1,50.6,57.48,41.58,-27.7,Tier 4 — Low Priority / Avoid,General Watchlist,45.9,12.5,38.7
2026-07-22,FSLR,"First Solar, Inc.",Technology,68.9,76.4,80.2,38.6,75.9,67.7,209.46,260.16,24.2,Tier 3 — Watchlist Only,"Undervalued Opportunity, Recovery Candidate",65.5,52.5,65.9
2026-07-22,FE,FirstEnergy Corp.,Utilities,34.2,30.9,33.0,46.7,24.6,36.2,48.99,41.52,-15.3,Tier 4 — Low Priority / Avoid,General Watchlist,11.8,0.0,17.6
2026-07-22,FISV,"Fiserv, Inc.",Unknown,47.5,48.2,62.5,25.4,50.0,48.1,50.26,106.2,111.3,Tier 4 — Low Priority / Avoid,Recovery Candidate,40.5,15.0,39.3
2026-07-22,FLEX,Flex Ltd.,Technology,36.9,31.3,29.2,64.0,25.1,36.2,129.38,51.75,-60.0,Tier 4 — Low Priority / Avoid,General Watchlist,20.6,17.5,24.5
2026-07-22,F,Ford Motor Company,Consumer Cyclical,26.3,19.9,23.2,50.4,12.4,26.4,14.38,11.47,-20.2,Tier 4 — Low Priority / Avoid,General Watchlist,0.0,0.0,9.4
2026-07-22,FTNT,"Fortinet, Inc.",Technology,65.0,72.6,43.3,78.2,70.2,62.3,155.47,62.19,-60.0,Tier 3 — Watchlist Only,Position Trade Candidate,58.9,62.5,59.3
2026-07-22,FTV,Fortive Corporation,Technology,47.0,45.4,47.6,49.2,45.4,48.4,60.26,59.39,-1.4,Tier 4 — Low Priority / Avoid,General Watchlist,39.2,15.0,36.4
2026-07-22,FOXA,Fox Corporation,Communication Services,45.2,46.3,51.7,30.7,50.0,46.9,56.75,60.48,6.6,Tier 4 — Low Priority / Avoid,General Watchlist,48.0,25.0,42.5
2026-07-22,FOX,Fox Corporation,Communication Services,46.7,47.7,55.2,30.0,51.6,48.6,50.76,57.56,13.4,Tier 4 — Low Priority / Avoid,General Watchlist,49.7,25.0,44.0
2026-07-22,BEN,"Franklin Resources, Inc.",Financial Services,47.2,43.1,44.1,64.3,37.6,47.8,32.51,25.2,-22.5,Tier 4 — Low Priority / Avoid,General Watchlist,39.5,52.5,45.0
2026-07-22,FCX,"Freeport-McMoRan, Inc.",Basic Materials,47.7,51.2,40.2,52.3,47.5,46.8,64.55,29.92,-53.6,Tier 4 — Low Priority / Avoid,General Watchlist,40.8,27.5,39.3
2026-07-22,GRMN,Garmin Ltd.,Technology,54.2,62.3,43.8,50.2,61.2,53.8,240.63,145.76,-39.4,Tier 4 — Low Priority / Avoid,General Watchlist,49.6,25.0,44.5
2026-07-22,IT,"Gartner, Inc.",Technology,54.1,55.8,74.4,20.9,60.8,55.0,133.4,262.08,96.5,Tier 4 — Low Priority / Avoid,Recovery Candidate,38.9,17.5,43.0
2026-07-22,GE,GE Aerospace,Industrials,47.5,52.0,31.5,60.9,47.8,46.3,343.54,154.53,-55.0,Tier 4 — Low Priority / Avoid,General Watchlist,39.1,25.0,36.8
2026-07-22,GEHC,GE HealthCare Technologies Inc.,Healthcare,36.1,35.9,45.6,22.8,37.0,38.2,61.89,63.79,3.1,Tier 4 — Low Priority / Avoid,Recovery Candidate,36.3,2.5,29.5
2026-07-22,GEV,GE Vernova Inc.,Industrials,59.9,62.8,45.0,74.8,60.1,58.3,1008.96,790.84,-21.6,Tier 4 — Low Priority / Avoid,General Watchlist,58.3,62.5,57.8
2026-07-22,GEN,Gen Digital Inc.,Technology,70.4,74.8,81.3,47.1,74.8,69.8,25.63,45.18,76.3,Tier 3 — Watchlist Only,Undervalued Opportunity,57.5,40.0,60.3
2026-07-22,GNRC,Generac Holdlings Inc.,Industrials,35.3,32.7,28.8,54.7,25.6,34.5,216.34,86.54,-60.0,Tier 4 — Low Priority / Avoid,General Watchlist,19.7,17.5,24.0
2026-07-22,GD,General Dynamics Corporation,Industrials,46.9,44.8,41.5,60.4,40.9,48.3,372.14,280.87,-24.5,Tier 4 — Low Priority / Avoid,General Watchlist,46.1,12.5,37.2
2026-07-22,GIS,"General Mills, Inc.",Consumer Defensive,44.8,43.2,58.1,27.8,47.2,46.3,36.96,52.48,42.0,Tier 4 — Low Priority / Avoid,General Watchlist,45.8,15.0,39.8
2026-07-22,GM,General Motors Company,Consumer Cyclical,43.9,31.2,57.4,54.3,31.7,45.8,82.41,177.18,115.0,Tier 4 — Low Priority / Avoid,Recovery Candidate,36.9,27.5,38.4
2026-07-22,GPC,Genuine Parts Company,Consumer Cyclical,31.0,25.7,32.6,40.6,24.7,32.8,120.41,101.36,-15.8,Tier 4 — Low Priority / Avoid,General Watchlist,21.9,2.5,20.7
2026-07-23,GILD,"Gilead Sciences, Inc.",Healthcare,67.2,80.9,54.4,50.6,83.9,66.0,130.39,151.68,16.3,Tier 3 — Watchlist Only,"Long-Term Compounder, Healthy Business",66.5,50.0,61.9
2026-07-23,GPN,Global Payments Inc.,Industrials,45.5,49.1,42.1,45.3,43.8,45.5,77.71,193.52,149.0,Tier 4 — Low Priority / Avoid,Recovery Candidate,38.9,40.0,41.7
2026-07-23,GL,Globe Life Inc.,Financial Services,53.6,57.6,35.9,67.9,56.7,52.8,168.81,170.36,0.9,Tier 4 — Low Priority / Avoid,General Watchlist,52.5,50.0,49.9
2026-07-23,GDDY,GoDaddy Inc.,Technology,54.0,64.7,52.6,27.9,70.9,52.7,87.08,141.52,62.5,Tier 4 — Low Priority / Avoid,Recovery Candidate,38.4,17.5,40.1
2026-07-23,GS,"Goldman Sachs Group, Inc. (The)",Financial Services,61.4,68.8,44.6,69.0,66.4,58.8,1068.38,1179.0,10.4,Tier 3 — Watchlist Only,General Watchlist,60.0,62.5,59.0
2026-07-23,HAL,Halliburton Company,Energy,44.4,49.4,30.5,51.5,48.3,43.7,33.48,29.13,-13.0,Tier 4 — Low Priority / Avoid,Recovery Candidate,47.2,25.0,38.8
2026-07-23,HIG,"The Hartford Insurance Group, I",Financial Services,66.6,74.6,55.4,62.5,74.8,66.5,142.7,255.78,79.2,Tier 3 — Watchlist Only,Recovery Candidate,69.6,62.5,65.7
2026-07-23,HAS,"Hasbro, Inc.",Consumer Cyclical,51.1,58.4,40.0,49.6,57.8,50.2,87.13,94.74,8.7,Tier 4 — Low Priority / Avoid,General Watchlist,51.1,40.0,47.3
2026-07-23,HCA,"HCA Healthcare, Inc.",Healthcare,34.6,41.2,28.6,28.1,40.2,34.9,376.27,387.65,3.0,Tier 4 — Low Priority / Avoid,Recovery Candidate,26.2,2.5,23.4
2026-07-23,DOC,"Healthpeak Properties, Inc.",Real Estate,51.1,54.6,33.7,68.2,50.8,50.1,22.21,13.24,-40.4,Tier 4 — Low Priority / Avoid,General Watchlist,42.1,40.0,42.8
2026-07-23,HSIC,"Henry Schein, Inc.",Healthcare,26.4,25.6,13.9,46.7,21.3,27.6,84.41,50.44,-40.2,Tier 4 — Low Priority / Avoid,General Watchlist,9.1,0.0,12.0
2026-07-23,HSY,The Hershey Company,Consumer Defensive,47.5,58.8,40.6,32.3,56.6,47.5,170.13,196.3,15.4,Tier 4 — Low Priority / Avoid,General Watchlist,36.7,15.0,35.7
2026-07-23,HPE,Hewlett Packard Enterprise Comp,Technology,41.2,39.3,25.1,71.6,32.4,39.6,48.11,32.26,-32.9,Tier 4 — Low Priority / Avoid,General Watchlist,25.4,30.0,30.0
2026-07-23,HLT,Hilton Worldwide Holdings Inc.,Consumer Cyclical,52.6,62.6,36.5,51.9,61.0,51.4,318.93,274.85,-13.8,Tier 4 — Low Priority / Avoid,General Watchlist,34.6,15.0,35.3
2026-07-23,HD,"Home Depot, Inc. (The)",Consumer Cyclical,31.5,37.7,22.8,26.4,40.1,31.7,326.25,215.29,-34.0,Tier 4 — Low Priority / Avoid,General Watchlist,20.5,5.0,20.4
2026-07-23,HONA,Honeywell Aerospace Inc.,Industrials,40.4,46.4,27.9,43.0,46.4,39.9,199.44,159.78,-19.9,Tier 4 — Low Priority / Avoid,General Watchlist,29.7,0.0,25.2
2026-07-23,HON,Honeywell International Inc.,Industrials,37.1,38.2,23.0,51.0,40.1,36.9,247.47,158.24,-36.1,Tier 4 — Low Priority / Avoid,General Watchlist,26.4,2.5,22.7
2026-07-23,HRL,Hormel Foods Corporation,Consumer Defensive,32.0,33.9,19.8,41.8,35.0,33.0,25.0,15.46,-38.1,Tier 4 — Low Priority / Avoid,General Watchlist,35.5,15.0,27.5
2026-07-23,HST,"Host Hotels & Resorts, Inc.",Real Estate,57.0,61.0,36.7,74.9,59.8,55.3,24.15,19.19,-20.5,Tier 4 — Low Priority / Avoid,General Watchlist,57.9,62.5,55.8
2026-07-23,HWM,Howmet Aerospace Inc.,Industrials,63.9,71.7,41.4,77.3,69.5,61.6,285.03,196.69,-31.0,Tier 3 — Watchlist Only,Position Trade Candidate,56.3,75.0,61.1
2026-07-23,HPQ,HP Inc.,Technology,42.8,42.3,36.9,52.4,41.3,42.3,24.73,38.74,56.6,Tier 4 — Low Priority / Avoid,General Watchlist,33.6,15.0,31.6
2026-07-23,HUBB,Hubbell Inc,Industrials,40.8,49.5,28.6,37.4,48.4,40.5,481.98,312.99,-35.1,Tier 4 — Low Priority / Avoid,General Watchlist,38.2,0.0,28.7
2026-07-23,HUM,Humana Inc.,Healthcare,41.5,38.8,22.9,73.9,35.5,40.4,392.78,195.75,-50.2,Tier 4 — Low Priority / Avoid,General Watchlist,43.3,40.0,38.5
2026-07-23,HBAN,Huntington Bancshares Incorpora,Financial Services,45.0,52.3,31.7,46.2,51.6,44.4,17.29,16.15,-6.6,Tier 4 — Low Priority / Avoid,General Watchlist,44.9,12.5,35.5
2026-07-23,HII,"Huntington Ingalls Industries, ",Industrials,29.4,33.0,24.5,29.6,29.6,30.4,288.96,315.77,9.3,Tier 4 — Low Priority / Avoid,Recovery Candidate,31.2,12.5,25.6
2026-07-23,IBM,International Business Machines,Technology,36.6,44.5,30.5,22.9,49.8,35.8,206.33,199.03,-3.5,Tier 4 — Low Priority / Avoid,General Watchlist,22.3,5.0,23.4
2026-07-23,IEX,IDEX Corporation,Industrials,50.8,58.2,33.6,57.7,56.0,49.8,221.8,160.08,-27.8,Tier 4 — Low Priority / Avoid,General Watchlist,51.3,37.5,45.7
2026-07-23,IDXX,"IDEXX Laboratories, Inc.",Healthcare,52.7,67.9,40.2,33.0,70.8,50.8,542.25,306.34,-43.5,Tier 4 — Low Priority / Avoid,General Watchlist,45.5,25.0,42.6
2026-07-23,ITW,Illinois Tool Works Inc.,Industrials,48.0,55.8,32.9,47.7,58.7,47.0,275.49,141.26,-48.7,Tier 4 — Low Priority / Avoid,General Watchlist,34.8,15.0,33.5
2026-07-23,INCY,Incyte Corporation,Healthcare,67.3,78.7,46.7,69.5,77.0,65.2,117.07,110.32,-5.8,Tier 3 — Watchlist Only,General Watchlist,65.9,62.5,63.3
2026-07-23,IR,Ingersoll Rand Inc.,Industrials,39.1,46.2,28.6,36.6,46.3,38.9,83.98,78.88,-6.1,Tier 4 — Low Priority / Avoid,General Watchlist,41.4,25.0,35.5
2026-07-23,PODD,Insulet Corporation,Healthcare,47.1,62.3,36.9,28.6,59.6,45.5,159.49,106.49,-33.2,Tier 4 — Low Priority / Avoid,General Watchlist,48.3,40.0,45.5
2026-07-23,INTC,Intel Corporation,Technology,33.0,29.7,17.7,62.9,26.1,31.3,100.67,73.88,-26.6,Tier 4 — Low Priority / Avoid,General Watchlist,17.0,30.0,23.8
2026-07-23,IBKR,"Interactive Brokers Group, Inc.",Financial Services,58.2,65.0,38.5,70.9,62.6,55.1,90.44,60.48,-33.1,Tier 4 — Low Priority / Avoid,General Watchlist,48.3,52.5,50.6
2026-07-23,ICE,Intercontinental Exchange Inc.,Financial Services,53.6,66.7,44.5,37.8,64.2,53.1,142.97,161.14,12.7,Tier 4 — Low Priority / Avoid,General Watchlist,42.7,15.0,40.0
2026-07-23,IFF,International Flavors & Fragran,Basic Materials,38.3,42.9,30.4,37.4,43.0,38.5,72.85,74.82,2.7,Tier 4 — Low Priority / Avoid,Recovery Candidate,41.9,15.0,33.0
2026-07-23,IP,International Paper Company,Consumer Cyclical,29.7,35.5,21.5,29.3,32.4,29.9,37.99,33.96,-10.6,Tier 4 — Low Priority / Avoid,General Watchlist,29.6,2.5,22.2
2026-07-23,INTU,Intuit Inc.,Technology,60.2,75.0,57.2,27.0,80.6,58.9,279.51,487.56,74.4,Tier 3 — Watchlist Only,"Recovery Candidate, Healthy Business",64.4,50.0,60.0
2026-07-23,ISRG,"Intuitive Surgical, Inc.",Healthcare,57.2,75.6,45.1,30.2,78.2,54.6,330.56,254.4,-23.0,Tier 4 — Low Priority / Avoid,General Watchlist,56.3,50.0,54.7
2026-07-23,IVZ,Invesco Ltd,Financial Services,46.0,50.5,31.5,59.5,43.7,44.7,30.1,21.82,-27.5,Tier 4 — Low Priority / Avoid,General Watchlist,48.3,62.5,49.0
2026-07-23,INVH,Invitation Homes Inc.,Real Estate,43.0,47.8,29.8,48.2,48.5,43.0,29.75,21.07,-29.2,Tier 4 — Low Priority / Avoid,General Watchlist,29.0,2.5,26.5
2026-07-23,IQV,"IQVIA Holdings, Inc.",Healthcare,36.5,41.6,27.6,37.5,40.9,35.5,204.66,192.24,-6.1,Tier 4 — Low Priority / Avoid,Recovery Candidate,17.8,5.0,21.1
2026-07-23,IRM,Iron Mountain Incorporated (Del,Real Estate,39.4,41.6,23.5,60.6,33.6,38.4,125.17,85.04,-32.1,Tier 4 — Low Priority / Avoid,General Watchlist,12.4,5.0,19.0
2026-07-23,JBHT,"J.B. Hunt Transport Services, I",Industrials,50.7,53.2,32.0,73.8,46.8,49.2,290.78,131.12,-54.9,Tier 4 — Low Priority / Avoid,General Watchlist,49.7,50.0,47.4
2026-07-23,JBL,Jabil Inc.,Technology,42.6,45.0,27.0,59.8,41.8,40.9,320.8,269.11,-16.1,Tier 4 — Low Priority / Avoid,General Watchlist,22.8,7.5,24.5
2026-07-23,JKHY,"Jack Henry & Associates, Inc.",Technology,51.7,64.5,41.3,34.4,66.7,51.5,146.33,150.08,2.6,Tier 4 — Low Priority / Avoid,General Watchlist,50.9,25.0,44.4
2026-07-23,J,Jacobs Solutions Inc.,Industrials,29.9,33.5,23.0,34.8,26.9,30.7,131.38,144.87,10.3,Tier 4 — Low Priority / Avoid,General Watchlist,27.1,0.0,20.9
2026-07-23,JNJ,Johnson & Johnson,Healthcare,58.2,61.5,36.0,76.9,64.0,57.5,259.42,199.16,-23.2,Tier 4 — Low Priority / Avoid,Position Trade Candidate,56.3,50.0,52.4
2026-07-23,JCI,Johnson Controls International ,Industrials,47.3,50.7,28.6,65.2,48.2,46.3,143.04,71.99,-49.7,Tier 4 — Low Priority / Avoid,General Watchlist,43.9,27.5,38.5
2026-07-23,JPM,JP Morgan Chase & Co.,Financial Services,59.3,66.1,44.4,66.1,62.4,58.1,347.67,419.94,20.8,Tier 4 — Low Priority / Avoid,General Watchlist,55.4,25.0,47.6
2026-07-23,KVUE,Kenvue Inc.,Consumer Defensive,46.5,54.7,32.8,46.0,54.0,45.9,18.89,17.48,-7.5,Tier 4 — Low Priority / Avoid,General Watchlist,34.8,0.0,29.5
2026-07-23,KDP,Keurig Dr Pepper Inc.,Consumer Defensive,25.2,25.2,15.1,39.3,22.3,26.6,29.88,29.51,-1.2,Tier 4 — Low Priority / Avoid,General Watchlist,7.3,0.0,11.3
2026-07-23,KEY,KeyCorp,Financial Services,45.7,51.9,29.5,53.7,50.3,44.3,22.61,20.31,-10.2,Tier 4 — Low Priority / Avoid,General Watchlist,44.4,37.5,41.2
2026-07-23,KEYS,Keysight Technologies Inc.,Technology,59.7,68.5,40.2,68.4,64.2,57.5,326.6,171.44,-47.5,Tier 4 — Low Priority / Avoid,General Watchlist,54.0,37.5,49.8
2026-07-23,KMB,Kimberly-Clark Corporation,Consumer Defensive,39.9,46.0,27.1,42.0,46.3,39.4,107.44,84.77,-21.1,Tier 4 — Low Priority / Avoid,General Watchlist,25.8,5.0,24.9
